seqnames,start,end,width,LoopAnchors,Enhancers,Promoters
chr1,817074,817557,484,NA,NA,blue
chr1,905610,905841,232,NA,NA,NA
chr1,909984,910706,723,NA,NA,blue
chr1,1022937,1023390,454,green,NA,NA
chr1,1041002,1041195,194,NA,NA,NA
chr1,1182749,1183350,602,NA,NA,NA
chr1,1426041,1427329,1289,NA,NA,blue
chr1,1430350,1430853,504,NA,NA,NA
chr1,1433177,1433976,800,NA,NA,blue
chr1,1758796,1759081,286,green,purple,NA
chr1,2189855,2190226,372,green,purple,NA
chr1,2213152,2213677,526,green,NA,blue
chr1,2278906,2280196,1291,NA,NA,NA
chr1,2294210,2294904,695,NA,NA,NA
chr1,2300486,2300764,279,NA,purple,NA
chr1,2314177,2314543,367,NA,purple,NA
chr1,2543494,2543866,373,NA,NA,NA
chr1,2578453,2578937,485,NA,purple,NA
chr1,2847612,2847921,310,NA,NA,NA
chr1,3072538,3072904,367,NA,NA,NA
chr1,3078296,3079317,1022,NA,NA,NA
chr1,3168159,3168951,793,NA,NA,NA
chr1,3173622,3173948,327,NA,NA,NA
chr1,3313404,3314124,721,NA,NA,NA
chr1,3320577,3321239,663,NA,NA,NA
chr1,3350518,3351840,1323,NA,NA,NA
chr1,3351959,3352885,927,NA,NA,NA
chr1,3364568,3365168,601,NA,NA,NA
chr1,3597954,3598694,741,NA,NA,NA
chr1,3678154,3678681,528,NA,purple,NA
chr1,6152295,6152654,360,NA,NA,NA
chr1,6348132,6348760,629,green,purple,NA
chr1,6358207,6358796,590,green,purple,NA
chr1,6358950,6359614,665,green,purple,NA
chr1,6730358,6730781,424,NA,NA,NA
chr1,7645365,7645872,508,NA,NA,NA
chr1,7783015,7783728,714,NA,NA,blue
chr1,8858954,8859858,905,NA,purple,NA
chr1,9078797,9079440,644,NA,NA,NA
chr1,9084615,9085855,1241,NA,NA,NA
chr1,9234102,9234444,343,NA,NA,blue
chr1,9267039,9267348,310,green,NA,NA
chr1,9280357,9280713,357,green,NA,NA
chr1,9317762,9318117,356,NA,NA,NA
chr1,9400603,9401036,434,NA,NA,NA
chr1,9652788,9653832,1045,green,NA,NA
chr1,10451390,10452008,619,NA,NA,NA
chr1,11731615,11732371,757,NA,purple,NA
chr1,11735689,11736115,427,NA,NA,blue
chr1,12178971,12179472,502,NA,NA,NA
chr1,12472904,12473743,840,NA,purple,NA
chr1,15951152,15952001,850,NA,purple,NA
chr1,16278673,16279291,619,green,NA,NA
chr1,16498268,16498585,318,NA,NA,NA
chr1,16978545,16979335,791,NA,NA,blue
chr1,17440409,17441961,1553,NA,NA,blue
chr1,18908470,18909342,873,green,purple,NA
chr1,18925412,18926191,780,NA,NA,NA
chr1,18928062,18928455,394,NA,purple,NA
chr1,19180019,19180648,630,NA,purple,NA
chr1,19325305,19326196,892,green,NA,NA
chr1,19612836,19613839,1004,NA,NA,NA
chr1,20596845,20597435,591,NA,purple,NA
chr1,21607819,21608154,336,NA,NA,NA
chr1,21814149,21814937,789,NA,purple,NA
chr1,21815729,21816267,539,NA,purple,NA
chr1,21904122,21905045,924,NA,purple,NA
chr1,22128123,22128548,426,NA,NA,NA
chr1,24567888,24568695,808,NA,NA,NA
chr1,24705097,24705891,795,green,NA,NA
chr1,24869817,24871302,1486,green,NA,NA
chr1,24896836,24897329,494,green,NA,NA
chr1,24909521,24909824,304,green,NA,NA
chr1,25006797,25007293,497,NA,NA,NA
chr1,25028746,25029879,1134,NA,NA,NA
chr1,25031830,25033418,1589,green,purple,NA
chr1,25034530,25035356,827,green,purple,NA
chr1,25544458,25545410,953,green,NA,NA
chr1,25765367,25766419,1053,NA,NA,NA
chr1,25875899,25876253,355,NA,NA,blue
chr1,26127401,26128124,724,NA,purple,NA
chr1,26315253,26315939,687,NA,NA,NA
chr1,26336596,26337065,470,NA,NA,NA
chr1,26621725,26621990,266,green,purple,NA
chr1,27369186,27369520,335,green,NA,NA
chr1,27528451,27528930,480,NA,NA,NA
chr1,27568234,27569141,908,green,purple,NA
chr1,27575125,27576415,1291,NA,NA,NA
chr1,27873634,27874116,483,green,NA,NA
chr1,28883605,28884375,771,green,NA,blue
chr1,30749789,30750070,282,NA,NA,NA
chr1,30753293,30754100,808,NA,NA,NA
chr1,31576131,31576750,620,NA,NA,blue
chr1,31586871,31587355,485,NA,NA,NA
chr1,31703640,31704974,1335,NA,NA,blue
chr1,31944944,31945281,338,NA,NA,blue
chr1,32248298,32248894,597,NA,NA,NA
chr1,32334614,32334998,385,NA,NA,NA
chr1,33306455,33307502,1048,NA,NA,blue
chr1,35576451,35577278,828,green,NA,NA
chr1,35578284,35578526,243,green,NA,blue
chr1,36122956,36123718,763,green,NA,NA
chr1,36306113,36306656,544,NA,NA,blue
chr1,38114153,38114597,445,NA,NA,NA
chr1,39574962,39575459,498,NA,NA,NA
chr1,39960026,39960631,606,NA,NA,NA
chr1,40840675,40841741,1067,green,NA,NA
chr1,42463553,42464011,459,NA,NA,NA
chr1,42943118,42943890,773,green,purple,NA
chr1,44631386,44632946,1561,NA,purple,NA
chr1,44786312,44786846,535,green,NA,NA
chr1,44808204,44808635,432,green,NA,blue
chr1,44831670,44831976,307,green,NA,NA
chr1,47224459,47225407,949,NA,NA,blue
chr1,47235215,47236131,917,NA,NA,NA
chr1,53316063,53317599,1537,NA,NA,NA
chr1,53368633,53369082,450,NA,NA,blue
chr1,54287124,54287730,607,NA,purple,NA
chr1,54378565,54379232,668,NA,purple,NA
chr1,54380016,54380472,457,NA,NA,NA
chr1,54475358,54476303,946,NA,purple,NA
chr1,54564303,54564944,642,NA,NA,NA
chr1,58575859,58577622,1764,NA,NA,blue
chr1,64505890,64506400,511,NA,NA,NA
chr1,65001083,65001722,640,NA,NA,NA
chr1,67684268,67684717,450,NA,NA,blue
chr1,67735503,67736791,1289,NA,purple,NA
chr1,68293521,68293955,435,NA,NA,NA
chr1,77687528,77688209,682,NA,NA,NA
chr1,86154993,86155776,784,NA,NA,NA
chr1,87332084,87332384,301,green,NA,NA
chr1,89259397,89259954,558,NA,NA,blue
chr1,89632043,89632525,483,green,NA,blue
chr1,101235541,101236095,555,NA,NA,blue
chr1,107844088,107844694,607,green,purple,NA
chr1,108660740,108660918,179,NA,NA,blue
chr1,108661507,108661897,391,NA,NA,blue
chr1,109273840,109274199,360,green,NA,NA
chr1,109766918,109767416,499,green,NA,NA
chr1,109793913,109794695,783,green,NA,NA
chr1,115793111,115793514,404,NA,NA,NA
chr1,119631212,119631478,267,NA,NA,NA
chr1,119737118,119737816,699,NA,NA,NA
chr1,119893961,119895185,1225,NA,NA,NA
chr1,147177936,147178272,337,green,NA,NA
chr1,149849016,149849819,804,NA,NA,blue
chr1,150162337,150163811,1475,NA,NA,NA
chr1,150622042,150622867,826,NA,NA,NA
chr1,151057879,151058670,792,NA,NA,blue
chr1,151815751,151816210,460,NA,NA,NA
chr1,153789482,153790203,722,NA,NA,NA
chr1,154970434,154971304,871,NA,NA,NA
chr1,155192737,155193007,271,NA,NA,blue
chr1,155195258,155195555,298,NA,NA,blue
chr1,155514460,155514957,498,NA,NA,NA
chr1,156076414,156077110,697,NA,NA,NA
chr1,156245443,156245679,237,NA,NA,NA
chr1,159171243,159171660,418,NA,NA,blue
chr1,160522454,160523299,846,NA,NA,blue
chr1,166840469,166841344,876,NA,NA,NA
chr1,168084739,168085202,464,NA,NA,NA
chr1,171654924,171655593,670,NA,NA,NA
chr1,175192908,175193525,618,NA,NA,blue
chr1,180913238,180913655,418,NA,NA,blue
chr1,184153060,184153402,343,NA,purple,NA
chr1,200242532,200243095,564,NA,NA,NA
chr1,200410590,200411506,917,NA,NA,blue
chr1,200891707,200892658,952,NA,NA,NA
chr1,201015645,201016561,917,NA,NA,NA
chr1,201494041,201494841,801,green,NA,NA
chr1,201540284,201541012,729,green,NA,NA
chr1,201555349,201556113,765,green,NA,NA
chr1,202199374,202199721,348,green,NA,NA
chr1,202966572,202967096,525,NA,NA,blue
chr1,203290077,203291020,944,green,NA,NA
chr1,203649998,203650948,951,green,purple,NA
chr1,204327295,204327645,351,NA,NA,NA
chr1,204360079,204361699,1621,NA,NA,NA
chr1,204369160,204369889,730,NA,NA,blue
chr1,206930067,206930502,436,NA,purple,NA
chr1,207024919,207025323,405,green,purple,NA
chr1,207941910,207942715,806,NA,purple,NA
chr1,208164731,208165047,317,NA,NA,NA
chr1,208219526,208220166,641,NA,NA,NA
chr1,211514775,211515169,395,green,NA,NA
chr1,211527787,211528476,690,green,NA,NA
chr1,212166492,212167374,883,NA,NA,blue
chr1,225883424,225883642,219,NA,NA,blue
chr1,225951058,225951585,528,NA,NA,NA
chr1,225978076,225978832,757,NA,NA,NA
chr1,226656180,226657210,1031,green,purple,NA
chr1,226711792,226712913,1122,NA,purple,NA
chr1,226827563,226828166,604,NA,purple,NA
chr1,227885719,227886110,392,NA,NA,NA
chr1,228073844,228074171,328,NA,NA,NA
chr1,228162468,228163572,1105,NA,NA,NA
chr1,228213958,228214335,378,NA,NA,blue
chr1,228938627,228939013,387,green,purple,NA
chr1,229058084,229059200,1117,NA,NA,NA
chr1,229147068,229147563,496,NA,NA,NA
chr1,229199831,229200363,533,NA,purple,NA
chr1,229253023,229253749,727,green,purple,NA
chr1,229396711,229397223,513,NA,NA,NA
chr1,230068732,230069331,600,NA,purple,NA
chr1,230274306,230274786,481,NA,NA,NA
chr1,230277088,230278024,937,NA,NA,NA
chr1,230280822,230281227,406,NA,NA,NA
chr1,230291795,230292172,378,NA,NA,NA
chr1,231040997,231041829,833,NA,NA,blue
chr1,232977987,232979101,1115,NA,NA,NA
chr1,234918356,234918890,535,green,NA,NA
chr1,234978351,234978801,451,NA,NA,NA
chr1,235642840,235643371,532,NA,NA,NA
chr1,235937076,235937776,701,NA,NA,NA
chr1,235972133,235972485,353,NA,NA,blue
chr1,243508044,243508589,546,NA,purple,NA
chr1,245258638,245259029,392,NA,NA,NA
chr1,246582417,246582890,474,NA,purple,NA
chr1,246784491,246785039,549,NA,purple,NA
chr1,246788773,246789411,639,NA,NA,NA
chr1,247322575,247323010,436,NA,purple,NA
chr1,247335891,247336389,499,NA,NA,NA
chr2,1957645,1958283,639,NA,NA,NA
chr2,2681816,2682395,580,NA,NA,NA
chr2,2705789,2706561,773,NA,NA,NA
chr2,3779630,3780106,477,NA,NA,NA
chr2,7431173,7431702,530,green,purple,NA
chr2,7835207,7836202,996,green,NA,NA
chr2,8479303,8479578,276,green,NA,NA
chr2,8586006,8586433,428,NA,NA,NA
chr2,8657664,8657969,306,NA,NA,NA
chr2,8684703,8685076,374,NA,NA,NA
chr2,9792673,9793060,388,green,NA,NA
chr2,10044027,10044511,485,NA,NA,NA
chr2,10330887,10331621,735,green,purple,NA
chr2,10398319,10398977,659,NA,purple,NA
chr2,10400896,10401384,489,NA,purple,NA
chr2,10432752,10432999,248,NA,NA,NA
chr2,11696663,11696915,253,green,NA,NA
chr2,15141898,15142681,784,NA,NA,NA
chr2,24010247,24010766,520,NA,NA,blue
chr2,24886390,24886935,546,NA,purple,NA
chr2,24926835,24927443,609,NA,NA,NA
chr2,25202331,25202633,303,NA,NA,blue
chr2,25215742,25216710,969,NA,purple,NA
chr2,25250564,25250973,410,NA,purple,NA
chr2,25275517,25277827,2311,NA,purple,NA
chr2,25290774,25291607,834,NA,NA,NA
chr2,25294109,25294577,469,NA,purple,NA
chr2,25822082,25822699,618,NA,NA,blue
chr2,27716418,27716934,517,green,NA,blue
chr2,27735105,27736057,953,green,NA,NA
chr2,27765633,27766271,639,green,purple,NA
chr2,28347973,28348495,523,NA,NA,NA
chr2,28355884,28356365,482,NA,NA,NA
chr2,28409248,28409615,368,NA,NA,NA
chr2,29011443,29011888,446,green,purple,NA
chr2,31136725,31137112,388,NA,NA,NA
chr2,31239447,31240265,819,NA,NA,NA
chr2,36967411,36968086,676,NA,NA,blue
chr2,37653255,37654214,960,green,purple,NA
chr2,42102433,42103029,597,green,purple,NA
chr2,42879816,42880511,696,green,NA,NA
chr2,43039376,43039799,424,green,NA,blue
chr2,43046371,43046929,559,green,NA,NA
chr2,43170638,43171302,665,green,purple,NA
chr2,45236950,45237369,420,NA,NA,NA
chr2,45771026,45771909,884,NA,NA,NA
chr2,45985138,45985445,308,green,NA,NA
chr2,46543516,46544316,801,NA,NA,blue
chr2,47335196,47335477,282,NA,NA,blue
chr2,54596422,54597772,1351,NA,purple,NA
chr2,54672960,54674086,1127,NA,purple,NA
chr2,55133331,55134247,917,NA,purple,NA
chr2,55223588,55224041,454,NA,NA,blue
chr2,60023760,60024407,648,NA,NA,NA
chr2,60439584,60439932,349,NA,NA,blue
chr2,60482107,60483349,1243,NA,purple,NA
chr2,60545810,60547031,1222,NA,purple,NA
chr2,60741535,60741914,380,NA,NA,NA
chr2,64606733,64608219,1487,green,NA,blue
chr2,64642900,64643606,707,green,NA,blue
chr2,65382303,65384354,2052,NA,purple,blue
chr2,66555012,66556526,1515,NA,purple,NA
chr2,68767435,68767825,391,NA,purple,NA
chr2,69804365,69804811,447,NA,NA,NA
chr2,69948398,69949027,630,green,NA,NA
chr2,73700809,73701823,1015,NA,NA,blue
chr2,74002039,74003324,1286,NA,NA,NA
chr2,74026201,74027308,1108,NA,purple,NA
chr2,74555674,74556248,575,NA,NA,blue
chr2,85434804,85435256,453,green,NA,NA
chr2,85661036,85661481,446,green,NA,NA
chr2,86036970,86037520,551,NA,purple,NA
chr2,86914008,86914902,895,NA,NA,NA
chr2,87348552,87348830,279,NA,NA,NA
chr2,96148625,96148921,297,green,NA,blue
chr2,96157727,96158361,635,green,purple,NA
chr2,96163681,96164391,711,NA,purple,NA
chr2,96839239,96839971,733,NA,NA,NA
chr2,96866477,96867127,651,green,NA,NA
chr2,96870678,96871441,764,green,NA,blue
chr2,97761184,97761614,431,green,purple,NA
chr2,98769717,98770042,326,NA,NA,NA
chr2,99771684,99772802,1119,NA,purple,NA
chr2,99867665,99868080,416,NA,NA,NA
chr2,100105288,100105608,321,NA,NA,NA
chr2,100234994,100235770,777,NA,NA,NA
chr2,101399606,101401565,1960,green,NA,NA
chr2,102304769,102305603,835,green,NA,NA
chr2,104658289,104659849,1561,NA,NA,blue
chr2,105363252,105363799,548,green,NA,NA
chr2,108620656,108621545,890,green,purple,NA
chr2,109130106,109130564,459,green,NA,blue
chr2,109135289,109135747,459,green,NA,NA
chr2,109171398,109171779,382,NA,NA,NA
chr2,109403040,109403583,544,NA,NA,NA
chr2,110876964,110877391,428,NA,NA,NA
chr2,112729364,112729720,357,NA,NA,NA
chr2,113181187,113182022,836,NA,purple,NA
chr2,120264895,120265392,498,NA,purple,NA
chr2,126658584,126659591,1008,NA,NA,NA
chr2,127081009,127082379,1371,NA,purple,NA
chr2,127084652,127085298,647,NA,purple,NA
chr2,127087342,127088319,978,NA,purple,NA
chr2,127092850,127094093,1244,NA,NA,NA
chr2,127415534,127416152,619,NA,NA,NA
chr2,127830728,127831187,460,NA,NA,blue
chr2,128346845,128347213,369,NA,NA,NA
chr2,128372810,128373192,383,NA,NA,NA
chr2,131041235,131041495,261,NA,NA,NA
chr2,136246063,136246661,599,NA,NA,NA
chr2,144374064,144374896,833,NA,NA,NA
chr2,144379697,144380400,704,NA,NA,NA
chr2,144451838,144453692,1855,NA,purple,NA
chr2,144508413,144509489,1077,NA,NA,NA
chr2,144580614,144583705,3092,NA,purple,NA
chr2,157840670,157841471,802,NA,NA,NA
chr2,158795047,158795737,691,NA,NA,blue
chr2,158967234,158968058,825,NA,NA,blue
chr2,161239129,161239378,250,NA,NA,NA
chr2,169768064,169769201,1138,NA,NA,blue
chr2,172554894,172555318,425,NA,NA,blue
chr2,172674567,172675076,510,NA,NA,blue
chr2,174012566,174013322,757,NA,NA,blue
chr2,174663269,174663994,726,NA,purple,NA
chr2,174666773,174668218,1446,NA,purple,NA
chr2,177906065,177906581,517,NA,NA,NA
chr2,201933565,201934313,749,NA,NA,NA
chr2,204109809,204110185,377,NA,NA,NA
chr2,207040492,207041238,747,green,NA,NA
chr2,208025824,208026246,423,NA,NA,blue
chr2,208359556,208360137,582,NA,NA,blue
chr2,217398760,217399302,543,NA,NA,NA
chr2,217816213,217816997,785,NA,NA,NA
chr2,217902674,217903178,505,NA,NA,NA
chr2,217912163,217912745,583,NA,NA,NA
chr2,218033653,218034647,995,NA,NA,blue
chr2,218095790,218096129,340,NA,NA,NA
chr2,218285822,218286932,1111,green,NA,NA
chr2,231280707,231281234,528,NA,NA,NA
chr2,231406497,231407331,835,NA,NA,NA
chr2,231643052,231643538,487,green,purple,NA
chr2,231672498,231673099,602,green,purple,NA
chr2,231900464,231900925,462,green,NA,NA
chr2,233051685,233052214,530,green,NA,NA
chr2,233062329,233065043,2715,green,NA,NA
chr2,233079165,233079859,695,green,purple,NA
chr2,233418363,233419502,1140,NA,purple,NA
chr2,234980605,234981323,719,NA,NA,NA
chr2,237690790,237691359,570,green,purple,NA
chr2,237696243,237697050,808,green,purple,NA
chr2,237700311,237700886,576,NA,purple,NA
chr2,237702888,237704183,1296,NA,purple,NA
chr2,237873417,237873850,434,NA,NA,NA
chr2,237922833,237923799,967,green,NA,NA
chr2,238127199,238127557,359,NA,NA,NA
chr2,239113400,239114424,1025,green,NA,NA
chr2,239225303,239225858,556,green,purple,NA
chr2,239230411,239230780,370,NA,purple,NA
chr2,239231250,239231856,607,NA,purple,NA
chr2,239264361,239265016,656,NA,purple,NA
chr2,239751318,239751670,353,NA,NA,NA
chr2,239756778,239757341,564,NA,NA,NA
chr2,239945240,239945643,404,NA,NA,NA
chr2,240622456,240622910,455,NA,purple,NA
chr2,240992683,240993308,626,NA,NA,NA
chr2,240995095,240996544,1450,NA,NA,NA
chr2,241540645,241541276,632,NA,NA,NA
chr2,241571169,241571553,385,NA,NA,NA
chr2,241866167,241867337,1171,NA,NA,NA
chr2,241882157,241882696,540,NA,purple,NA
chr2,242119859,242120339,481,NA,NA,blue
chr3,4814226,4814883,658,green,purple,NA
chr3,4867936,4868144,209,green,purple,NA
chr3,5009677,5010164,488,NA,NA,NA
chr3,5019501,5019898,398,NA,NA,NA
chr3,10284447,10284896,450,NA,NA,blue
chr3,10338704,10339342,639,NA,NA,NA
chr3,12158458,12159335,878,green,NA,blue
chr3,12924358,12924857,500,NA,NA,NA
chr3,13040954,13041387,434,NA,NA,NA
chr3,13066188,13066611,424,green,NA,NA
chr3,13195532,13196492,961,NA,NA,NA
chr3,13346615,13346943,329,NA,purple,NA
chr3,13549085,13549902,818,NA,NA,blue
chr3,14441132,14441644,513,NA,purple,NA
chr3,14880601,14881149,549,NA,NA,NA
chr3,15512219,15512572,354,NA,NA,NA
chr3,16849207,16849543,337,NA,purple,NA
chr3,23202404,23202734,331,NA,NA,blue
chr3,23809732,23810370,639,NA,purple,NA
chr3,32815645,32816576,932,NA,NA,blue
chr3,32818896,32819061,166,NA,NA,NA
chr3,34018726,34021478,2753,NA,NA,NA
chr3,35638840,35639209,370,NA,NA,blue
chr3,37456141,37457733,1593,green,NA,NA
chr3,37531198,37531701,504,NA,NA,NA
chr3,37906834,37908139,1306,NA,NA,NA
chr3,37998317,37999505,1189,NA,purple,NA
chr3,39151461,39152513,1053,green,NA,blue
chr3,45991426,45992010,585,green,NA,NA
chr3,46407088,46407903,816,NA,NA,blue
chr3,46693722,46694226,505,green,NA,blue
chr3,48241719,48242173,455,green,NA,NA
chr3,48664091,48664442,352,NA,NA,blue
chr3,48739781,48740427,647,green,NA,blue
chr3,49276545,49277832,1288,green,NA,blue
chr3,49903683,49904328,646,NA,NA,blue
chr3,50081713,50082248,536,NA,purple,NA
chr3,50321981,50322445,465,NA,NA,NA
chr3,50336774,50337226,453,NA,NA,blue
chr3,51955504,51956173,670,NA,NA,blue
chr3,52005453,52005903,451,green,NA,NA
chr3,52070757,52071175,419,NA,NA,NA
chr3,52108358,52108817,460,NA,purple,NA
chr3,52218600,52218910,311,green,purple,blue
chr3,52490558,52490960,403,NA,purple,NA
chr3,52494665,52496091,1427,NA,NA,blue
chr3,57007308,57007950,643,NA,NA,NA
chr3,57062216,57063213,998,NA,NA,NA
chr3,57130626,57131250,625,NA,NA,NA
chr3,57958809,57959798,990,NA,purple,NA
chr3,58173335,58174051,717,NA,NA,NA
chr3,69541007,69541485,479,NA,NA,NA
chr3,71390648,71392097,1450,NA,purple,NA
chr3,71858586,71859166,581,green,NA,NA
chr3,72336825,72337406,582,NA,NA,NA
chr3,72738804,72739597,794,NA,NA,NA
chr3,88000911,88001333,423,NA,NA,NA
chr3,105811428,105811992,565,NA,NA,NA
chr3,109071526,109073900,2375,NA,NA,NA
chr3,112293802,112294315,514,green,NA,blue
chr3,112419099,112419930,832,NA,NA,NA
chr3,119579214,119579460,247,NA,NA,blue
chr3,123081129,123082199,1071,NA,NA,NA
chr3,123522887,123523697,811,NA,purple,NA
chr3,125148879,125149255,377,NA,NA,NA
chr3,126466087,126466317,231,NA,NA,NA
chr3,127546950,127547435,486,NA,NA,NA
chr3,127592057,127592426,370,NA,purple,NA
chr3,127750135,127750625,491,NA,NA,NA
chr3,127761339,127761967,629,NA,purple,NA
chr3,127775815,127776307,493,green,purple,NA
chr3,128457100,128457496,397,NA,NA,NA
chr3,128549208,128549665,458,NA,NA,NA
chr3,128555775,128556128,354,NA,NA,NA
chr3,128559568,128559960,393,NA,NA,NA
chr3,128784240,128784984,745,NA,NA,blue
chr3,128845151,128845785,635,NA,NA,blue
chr3,128864379,128865097,719,NA,NA,NA
chr3,128993695,128994549,855,green,NA,NA
chr3,129015347,129015777,431,NA,purple,NA
chr3,129059385,129060022,638,green,NA,blue
chr3,129060434,129061321,888,NA,NA,blue
chr3,129305487,129306081,595,NA,purple,NA
chr3,129553755,129554450,696,NA,purple,NA
chr3,129594136,129594671,536,NA,purple,NA
chr3,129608105,129608674,570,green,NA,blue
chr3,129618958,129619228,271,green,NA,NA
chr3,129974074,129974313,240,NA,NA,blue
chr3,130094288,130095152,865,NA,NA,blue
chr3,136251116,136251532,417,NA,NA,NA
chr3,141485847,141486548,702,green,NA,blue
chr3,141848950,141849661,712,NA,purple,NA
chr3,141941090,141941508,419,green,NA,NA
chr3,150384540,150385438,899,NA,purple,NA
chr3,155093010,155093834,825,NA,NA,NA
chr3,156826683,156827099,417,NA,NA,NA
chr3,157089508,157090111,604,NA,NA,blue
chr3,158732396,158732964,569,NA,NA,blue
chr3,159860120,159861961,1842,NA,purple,NA
chr3,177357513,177359678,2166,NA,purple,NA
chr3,183825909,183826261,353,green,NA,blue
chr3,184319325,184320023,699,NA,NA,NA
chr3,184466263,184467235,973,NA,NA,NA
chr3,184678956,184679501,546,NA,NA,NA
chr3,185561297,185562273,977,NA,purple,NA
chr3,186241807,186242482,676,green,purple,NA
chr3,186259466,186259998,533,green,NA,NA
chr3,188152990,188153472,483,NA,NA,blue
chr3,193842148,193843369,1222,green,NA,NA
chr3,194224284,194224801,518,NA,NA,NA
chr3,194689061,194689789,729,green,NA,NA
chr3,195117657,195118520,864,NA,NA,NA
chr3,195154146,195154882,737,NA,purple,NA
chr3,195171969,195172544,576,NA,NA,NA
chr3,195179335,195180863,1529,NA,NA,NA
chr3,195854047,195854366,320,green,NA,NA
chr3,195892472,195893651,1180,NA,NA,NA
chr3,195896510,195897835,1326,NA,purple,NA
chr3,196179912,196180449,538,NA,purple,NA
chr3,196186809,196187482,674,NA,purple,NA
chr3,196619405,196620359,955,green,purple,NA
chr3,197517030,197517666,637,NA,purple,NA
chr3,198098889,198099241,353,NA,NA,NA
chr4,120789,121421,633,green,purple,NA
chr4,683965,684342,378,NA,NA,NA
chr4,1001475,1003752,2278,NA,NA,NA
chr4,1216786,1217309,524,NA,purple,NA
chr4,1246251,1246661,411,green,NA,NA
chr4,2570787,2571368,582,NA,purple,NA
chr4,2797704,2798270,567,green,purple,NA
chr4,2805682,2806552,871,NA,purple,NA
chr4,2931780,2932294,515,NA,NA,NA
chr4,3385280,3385656,377,green,purple,NA
chr4,5052262,5052813,552,NA,NA,NA
chr4,6917533,6918105,573,green,purple,NA
chr4,7041812,7042038,227,NA,NA,blue
chr4,7781197,7781714,518,NA,NA,NA
chr4,8189017,8189626,610,green,NA,NA
chr4,8201873,8203580,1708,green,NA,NA
chr4,8205550,8206149,600,green,NA,NA
chr4,8227085,8227900,816,green,NA,NA
chr4,8274905,8275397,493,green,NA,NA
chr4,10096461,10096806,346,NA,NA,NA
chr4,15233071,15233795,725,green,NA,NA
chr4,16037277,16037843,567,green,purple,NA
chr4,25814407,25814745,339,NA,NA,NA
chr4,40192800,40193698,899,green,NA,NA
chr4,53592554,53593635,1082,NA,NA,blue
chr4,54277118,54277525,408,NA,NA,NA
chr4,54942409,54942879,471,NA,NA,blue
chr4,72569830,72570206,377,NA,NA,blue
chr4,73836909,73837241,333,NA,NA,NA
chr4,73868679,73869209,531,NA,NA,blue
chr4,76199534,76200049,516,NA,purple,NA
chr4,80183388,80183715,328,NA,NA,blue
chr4,86903919,86904720,802,green,NA,NA
chr4,89889074,89890066,993,NA,purple,NA
chr4,98571244,98571756,513,NA,NA,NA
chr4,99946927,99947440,514,NA,NA,blue
chr4,101791240,101792365,1126,NA,purple,NA
chr4,102612809,102613384,576,green,purple,NA
chr4,108035584,108036405,822,green,NA,NA
chr4,123505007,123505494,488,NA,NA,blue
chr4,139740395,139741383,989,green,purple,NA
chr4,145920104,145920609,506,NA,NA,NA
chr4,147731283,147731535,253,NA,NA,blue
chr4,152115917,152116264,348,NA,purple,NA
chr4,153082143,153082612,470,NA,NA,NA
chr4,153792823,153793424,602,NA,NA,NA
chr4,169292710,169293278,569,NA,purple,NA
chr4,182825143,182826967,1825,NA,NA,NA
chr4,182874303,182874771,469,NA,NA,NA
chr4,184385891,184386537,647,green,NA,NA
chr4,184438338,184438819,482,NA,purple,NA
chr4,184444943,184445241,299,NA,NA,NA
chr4,184447639,184448212,574,NA,purple,NA
chr4,184782813,184783346,534,NA,purple,NA
chr5,485740,486252,513,NA,NA,NA
chr5,1101988,1102921,934,NA,NA,NA
chr5,1103572,1104506,935,NA,NA,NA
chr5,1106885,1107101,217,NA,NA,NA
chr5,1110672,1111119,448,NA,NA,NA
chr5,1315700,1316710,1011,NA,NA,NA
chr5,1481685,1482079,395,NA,purple,NA
chr5,1494862,1495378,517,NA,purple,NA
chr5,2146212,2146898,687,NA,NA,NA
chr5,5495063,5495263,201,NA,NA,NA
chr5,6359552,6360128,577,NA,NA,NA
chr5,10533110,10533720,611,NA,NA,NA
chr5,10681372,10682813,1442,NA,NA,NA
chr5,10694988,10695650,663,NA,NA,NA
chr5,10704759,10705425,667,NA,NA,NA
chr5,10761895,10762993,1099,NA,NA,blue
chr5,14488812,14489109,298,green,NA,NA
chr5,33850040,33850342,303,NA,NA,NA
chr5,36692134,36692820,687,NA,NA,NA
chr5,40436474,40437199,726,NA,purple,NA
chr5,41926057,41926521,465,NA,NA,NA
chr5,55600764,55601545,782,NA,purple,NA
chr5,55821565,55822137,573,NA,NA,NA
chr5,56481814,56482238,425,green,NA,blue
chr5,56588535,56589253,719,green,purple,NA
chr5,58922313,58922979,667,NA,NA,NA
chr5,67042351,67043131,781,NA,NA,NA
chr5,67165875,67166847,973,green,purple,NA
chr5,68434033,68434364,332,NA,NA,blue
chr5,72557277,72557848,572,NA,NA,NA
chr5,76951822,76953534,1713,NA,NA,blue
chr5,76954252,76955906,1655,NA,NA,NA
chr5,80257448,80257930,483,NA,NA,blue
chr5,88784986,88786027,1042,NA,purple,NA
chr5,88823745,88825085,1341,NA,purple,NA
chr5,96742194,96742974,781,green,NA,blue
chr5,120092958,120093604,647,NA,NA,NA
chr5,122311295,122311635,341,NA,NA,blue
chr5,124056462,124057134,673,NA,purple,NA
chr5,124627830,124628475,646,NA,NA,NA
chr5,126775771,126776002,232,NA,NA,blue
chr5,132747302,132748058,757,NA,NA,blue
chr5,134436592,134436977,386,green,NA,blue
chr5,135225892,135226552,661,NA,NA,NA
chr5,135359285,135361287,2003,NA,purple,NA
chr5,135378008,135379093,1086,green,purple,NA
chr5,135394829,135397271,2443,NA,NA,NA
chr5,139023192,139023791,600,NA,NA,NA
chr5,139274478,139275044,567,NA,NA,blue
chr5,139388826,139389176,351,NA,NA,NA
chr5,139389377,139390286,910,NA,NA,blue
chr5,139638043,139638813,771,green,purple,NA
chr5,142426186,142426680,495,NA,NA,NA
chr5,143812206,143812722,517,NA,NA,blue
chr5,145855932,145857028,1097,NA,NA,NA
chr5,149422466,149423297,832,green,NA,NA
chr5,150781696,150783095,1400,NA,NA,NA
chr5,151063512,151064000,489,NA,purple,NA
chr5,151085806,151087577,1772,NA,purple,NA
chr5,154309759,154310233,475,NA,NA,NA
chr5,154385086,154385567,482,NA,NA,NA
chr5,154813586,154814071,486,NA,purple,NA
chr5,159310336,159311233,898,green,NA,blue
chr5,170388767,170389788,1022,NA,NA,blue
chr5,171494454,171495252,799,green,NA,NA
chr5,171806962,171807425,464,NA,NA,NA
chr5,172110228,172110968,741,green,purple,NA
chr5,172178047,172179027,981,NA,NA,NA
chr5,172658724,172660497,1774,NA,NA,blue
chr5,172943229,172943546,318,NA,NA,NA
chr5,177116731,177117226,496,green,NA,NA
chr5,177327721,177328277,557,green,NA,NA
chr5,177362165,177363696,1532,green,NA,NA
chr5,177370704,177371264,561,green,purple,NA
chr5,177382617,177383052,436,green,NA,NA
chr5,177939735,177940142,408,NA,NA,blue
chr5,178240149,178240527,379,green,purple,NA
chr5,179529829,179530064,236,NA,purple,NA
chr5,179678943,179679496,554,NA,NA,blue
chr6,225159,225727,569,NA,NA,NA
chr6,379372,379704,333,NA,NA,NA
chr6,1527095,1527431,337,NA,NA,NA
chr6,2124025,2124758,734,NA,NA,NA
chr6,2127433,2128081,649,NA,purple,NA
chr6,2141386,2142258,873,NA,NA,NA
chr6,2767744,2768862,1119,green,NA,NA
chr6,2769908,2770982,1075,green,NA,NA
chr6,2782628,2783745,1118,green,purple,NA
chr6,2837523,2838872,1350,green,NA,NA
chr6,2857456,2858847,1392,green,NA,NA
chr6,2876300,2876765,466,green,purple,NA
chr6,2908957,2909372,416,green,NA,NA
chr6,2990716,2991199,484,green,NA,NA
chr6,5030671,5030927,257,NA,NA,NA
chr6,5723881,5724392,512,NA,purple,NA
chr6,6694760,6695225,466,green,NA,NA
chr6,6725171,6725393,223,green,purple,NA
chr6,6856549,6856857,309,NA,purple,NA
chr6,6900502,6901040,539,green,NA,NA
chr6,7051058,7051759,702,NA,purple,NA
chr6,7136830,7138364,1535,NA,purple,NA
chr6,7282081,7282557,477,green,purple,NA
chr6,10531429,10532409,981,green,NA,NA
chr6,11381839,11382597,759,NA,NA,blue
chr6,13014176,13014502,327,NA,NA,NA
chr6,13419385,13420175,791,NA,NA,NA
chr6,13488149,13488750,602,NA,NA,blue
chr6,13873158,13874343,1186,NA,NA,NA
chr6,14476849,14478073,1225,NA,NA,NA
chr6,14857576,14857850,275,NA,purple,NA
chr6,15017323,15017808,486,NA,NA,NA
chr6,15268362,15269304,943,green,purple,NA
chr6,16216346,16217146,801,NA,NA,NA
chr6,20411302,20412052,751,green,purple,NA
chr6,21664201,21664976,776,NA,NA,blue
chr6,21722380,21722893,514,NA,NA,NA
chr6,24357437,24358033,597,NA,NA,blue
chr6,24399984,24400795,812,NA,NA,NA
chr6,25027336,25027702,367,NA,NA,NA
chr6,26194798,26196746,1949,green,NA,blue
chr6,26522063,26522566,504,NA,NA,NA
chr6,27477940,27478510,571,green,purple,NA
chr6,27808711,27809069,359,green,NA,blue
chr6,27814085,27814526,442,green,NA,blue
chr6,27892098,27892481,384,NA,NA,blue
chr6,30071082,30072024,943,NA,NA,NA
chr6,30515002,30515890,889,NA,NA,blue
chr6,30730517,30731237,721,NA,NA,NA
chr6,31558075,31558498,424,NA,purple,NA
chr6,31575317,31576061,745,NA,NA,blue
chr6,31581703,31582511,809,NA,NA,blue
chr6,31587457,31587894,438,NA,NA,NA
chr6,31681725,31681902,178,NA,NA,NA
chr6,32087291,32087386,96,NA,NA,NA
chr6,32107986,32108815,830,NA,NA,NA
chr6,32153278,32153834,557,NA,NA,blue
chr6,33193434,33193812,379,NA,NA,blue
chr6,33508995,33509545,551,NA,NA,NA
chr6,33621734,33622150,417,green,purple,NA
chr6,33694301,33694810,510,NA,purple,NA
chr6,33771089,33771958,870,green,NA,NA
chr6,34235239,34236451,1213,green,NA,blue
chr6,35140539,35141521,983,NA,NA,NA
chr6,35730980,35731350,371,NA,NA,NA
chr6,36023907,36024914,1008,green,NA,blue
chr6,36769289,36770114,826,green,NA,NA
chr6,36848537,36849426,890,NA,NA,NA
chr6,37050617,37051008,392,green,purple,NA
chr6,37619011,37619469,459,NA,NA,NA
chr6,37782966,37783672,707,green,NA,NA
chr6,42136591,42137091,501,NA,NA,NA
chr6,42454019,42454623,605,NA,NA,blue
chr6,42770733,42772049,1317,green,purple,NA
chr6,43116238,43116669,432,NA,NA,NA
chr6,44076362,44076987,626,NA,NA,blue
chr6,46014457,46014856,400,NA,purple,NA
chr6,52307055,52307562,508,green,purple,NA
chr6,52504747,52505211,465,NA,NA,NA
chr6,73580185,73580928,744,NA,purple,NA
chr6,80338023,80338636,614,NA,NA,NA
chr6,82365176,82365724,549,NA,NA,NA
chr6,90218445,90219213,769,NA,purple,NA
chr6,105900230,105900892,663,NA,NA,NA
chr6,118708806,118709839,1034,NA,NA,NA
chr6,125789110,125790150,1041,green,purple,NA
chr6,138405000,138406594,1595,NA,NA,blue
chr6,149481772,149482308,537,NA,NA,NA
chr6,149484679,149485442,764,NA,NA,blue
chr6,152151838,152152512,675,NA,NA,NA
chr6,156564224,156564851,628,NA,NA,NA
chr6,157669774,157670130,357,NA,NA,NA
chr6,157822354,157822929,576,NA,NA,NA
chr6,157928401,157928923,523,NA,NA,NA
chr6,158567826,158568383,558,NA,purple,NA
chr6,158819686,158819966,281,green,NA,blue
chr6,159106873,159107847,975,NA,purple,NA
chr6,159820950,159821608,659,NA,NA,NA
chr6,161186306,161186658,353,NA,NA,NA
chr6,166441497,166442716,1220,NA,NA,NA
chr6,166460830,166461379,550,NA,NA,NA
chr6,166538580,166539004,425,NA,NA,NA
chr6,166563209,166564138,930,NA,NA,NA
chr6,166583070,166583825,756,NA,NA,NA
chr6,166672715,166673195,481,NA,NA,NA
chr6,166707200,166707541,342,NA,NA,NA
chr6,169725196,169725755,560,NA,NA,blue
chr6,170010827,170011549,723,NA,NA,NA
chr6,170151930,170152592,663,NA,NA,NA
chr7,601391,601632,242,NA,NA,blue
chr7,835984,836305,322,NA,NA,NA
chr7,953580,953808,229,NA,purple,NA
chr7,964399,966185,1787,NA,purple,NA
chr7,1042152,1042831,680,green,NA,blue
chr7,1059723,1061101,1379,NA,NA,blue
chr7,1062265,1062556,292,NA,NA,NA
chr7,1107936,1108280,345,NA,NA,NA
chr7,1194081,1194231,151,green,NA,NA
chr7,1461302,1461871,570,NA,NA,blue
chr7,1556193,1556482,290,green,NA,NA
chr7,1742021,1742584,564,NA,NA,blue
chr7,1875226,1875750,525,NA,NA,NA
chr7,1951129,1951512,384,NA,NA,NA
chr7,2019477,2020443,967,NA,purple,NA
chr7,2063538,2063803,266,NA,NA,NA
chr7,2079533,2080117,585,NA,NA,NA
chr7,2104153,2104688,536,NA,NA,NA
chr7,2112714,2113440,727,green,NA,NA
chr7,2115718,2116143,426,green,NA,NA
chr7,2138288,2138793,506,NA,NA,NA
chr7,2245952,2246263,312,green,NA,NA
chr7,2261617,2262076,460,NA,purple,NA
chr7,2393700,2394072,373,NA,NA,blue
chr7,2478524,2478855,332,green,NA,blue
chr7,2494225,2494577,353,NA,NA,NA
chr7,2522885,2523844,960,green,purple,NA
chr7,2524005,2524275,271,green,purple,NA
chr7,2607130,2607729,600,NA,NA,NA
chr7,2713320,2713924,605,NA,NA,NA
chr7,2718758,2719372,615,NA,NA,NA
chr7,2733076,2733643,568,green,purple,NA
chr7,2733903,2734561,659,green,purple,NA
chr7,2736410,2737327,918,green,purple,NA
chr7,2762614,2763144,531,NA,purple,NA
chr7,2862795,2863241,447,green,purple,NA
chr7,2978866,2979527,662,NA,NA,NA
chr7,2980741,2981080,340,green,NA,NA
chr7,4744543,4745631,1089,NA,purple,NA
chr7,4809705,4810104,400,green,NA,NA
chr7,4814140,4814655,516,green,NA,NA
chr7,5071945,5072128,184,NA,NA,blue
chr7,5072185,5072340,156,NA,NA,blue
chr7,5218516,5219116,601,NA,purple,NA
chr7,5231597,5232118,522,NA,purple,NA
chr7,5235185,5235595,411,NA,NA,NA
chr7,5450565,5451259,695,NA,NA,NA
chr7,5495028,5495275,248,green,NA,NA
chr7,5497057,5497929,873,green,NA,blue
chr7,5557786,5558271,486,green,NA,NA
chr7,5574786,5575342,557,green,purple,NA
chr7,5661949,5662522,574,NA,purple,NA
chr7,6026583,6027214,632,green,purple,NA
chr7,6317941,6318377,437,NA,NA,NA
chr7,6395873,6396351,479,NA,purple,NA
chr7,16850625,16851310,686,NA,NA,blue
chr7,18292335,18293355,1021,NA,purple,NA
chr7,25951736,25952275,540,NA,NA,blue
chr7,26587394,26587859,466,NA,NA,NA
chr7,30148925,30149644,720,green,NA,NA
chr7,30157047,30157641,595,green,NA,blue
chr7,37440723,37441702,980,NA,purple,NA
chr7,37536903,37537498,596,NA,NA,NA
chr7,43763822,43764900,1079,NA,NA,NA
chr7,44064389,44066122,1734,NA,NA,blue
chr7,44257834,44258193,360,green,purple,NA
chr7,45035945,45037256,1312,NA,purple,NA
chr7,47453574,47454263,690,green,purple,NA
chr7,47494407,47495147,741,NA,NA,NA
chr7,50092985,50093428,444,green,NA,NA
chr7,50303509,50303706,198,green,NA,blue
chr7,50659896,50660839,944,NA,NA,NA
chr7,50793895,50794141,247,NA,NA,blue
chr7,51315390,51315890,501,NA,NA,NA
chr7,55552579,55552971,393,NA,NA,NA
chr7,69429820,69430545,726,NA,NA,NA
chr7,73886529,73886897,369,green,NA,NA
chr7,74012739,74013322,584,NA,NA,NA
chr7,74305908,74307576,1669,NA,NA,NA
chr7,74312569,74312943,375,NA,NA,NA
chr7,74477706,74478101,396,green,NA,NA
chr7,74479380,74479834,455,green,NA,NA
chr7,74643028,74643615,588,NA,purple,NA
chr7,74655624,74656055,432,NA,NA,blue
chr7,76303885,76304225,341,NA,NA,NA
chr7,76443762,76444225,464,NA,purple,NA
chr7,80133820,80134357,538,NA,NA,NA
chr7,90594634,90595369,736,NA,NA,NA
chr7,98283679,98284253,575,NA,purple,NA
chr7,100170923,100172054,1132,green,NA,NA
chr7,100641127,100641932,806,NA,NA,NA
chr7,101241176,101241970,795,NA,NA,NA
chr7,101630574,101631121,548,green,NA,blue
chr7,101691894,101692644,751,green,NA,NA
chr7,101733734,101734227,494,green,purple,NA
chr7,101927767,101928222,456,green,purple,NA
chr7,101965011,101965389,379,NA,NA,NA
chr7,101990807,101991232,426,NA,purple,NA
chr7,101998512,101999166,655,NA,NA,NA
chr7,102415741,102416104,364,green,purple,NA
chr7,102425519,102426308,790,green,NA,NA
chr7,102431599,102432305,707,green,NA,blue
chr7,107386861,107387913,1053,NA,NA,NA
chr7,127536785,127537030,246,NA,NA,NA
chr7,128351248,128352774,1527,green,NA,NA
chr7,128934843,128935764,922,NA,NA,blue
chr7,128939459,128940340,882,NA,NA,NA
chr7,130894186,130894789,604,green,NA,NA
chr7,137754241,137754965,725,NA,NA,NA
chr7,138665955,138666792,838,NA,NA,NA
chr7,138718530,138718734,205,NA,NA,NA
chr7,138752397,138753005,609,NA,NA,NA
chr7,138962904,138963711,808,NA,NA,NA
chr7,139104239,139104765,527,NA,NA,NA
chr7,139118281,139119341,1061,NA,purple,NA
chr7,139635919,139636328,410,green,NA,NA
chr7,140358352,140359329,978,NA,NA,NA
chr7,142711445,142712172,728,NA,NA,blue
chr7,142865844,142866355,512,NA,NA,NA
chr7,150339357,150339818,462,NA,NA,NA
chr7,150450354,150452429,2076,green,NA,blue
chr7,150924275,150924965,691,NA,NA,NA
chr7,151050784,151051603,820,NA,NA,NA
chr7,151672632,151673423,792,NA,NA,NA
chr7,151736475,151736982,508,NA,NA,NA
chr7,151742681,151743518,838,NA,purple,NA
chr7,152862010,152862479,470,NA,NA,NA
chr7,157078200,157078464,265,NA,NA,NA
chr7,157398040,157398888,849,NA,purple,NA
chr7,157855802,157856299,498,NA,NA,NA
chr7,158821328,158822200,873,NA,NA,NA
chr7,158862685,158862937,253,NA,NA,NA
chr7,158871285,158871785,501,NA,NA,NA
chr8,90282,90416,135,NA,NA,NA
chr8,636910,637258,349,NA,NA,NA
chr8,687517,688556,1040,NA,NA,NA
chr8,821873,822532,660,NA,NA,NA
chr8,824327,825608,1282,NA,NA,NA
chr8,948314,948647,334,NA,NA,NA
chr8,1787854,1788367,514,NA,purple,NA
chr8,1924029,1924783,755,NA,NA,NA
chr8,1992033,1992464,432,NA,NA,NA
chr8,2000221,2000760,540,NA,NA,NA
chr8,2045646,2046091,446,NA,NA,NA
chr8,6559226,6560146,921,green,NA,NA
chr8,6623862,6624380,519,NA,NA,blue
chr8,8933725,8934179,455,NA,NA,blue
chr8,10625908,10626496,589,green,NA,NA
chr8,11868534,11868832,299,NA,purple,NA
chr8,18886672,18887211,540,NA,NA,NA
chr8,19312921,19313538,618,NA,NA,blue
chr8,21169590,21169977,388,NA,NA,NA
chr8,21911727,21912100,374,green,NA,NA
chr8,22059260,22059823,564,NA,purple,NA
chr8,22210676,22211413,738,NA,NA,NA
chr8,22539860,22541423,1564,NA,NA,NA
chr8,22626149,22627098,950,green,NA,NA
chr8,22628086,22628735,650,green,NA,NA
chr8,22911717,22912206,490,NA,NA,NA
chr8,23223643,23224294,652,NA,NA,blue
chr8,23335710,23336447,738,NA,NA,blue
chr8,26441213,26441524,312,NA,NA,NA
chr8,38067024,38067562,539,NA,NA,NA
chr8,38081223,38081847,625,NA,purple,NA
chr8,38899645,38900761,1117,green,NA,blue
chr8,42207486,42207796,311,green,NA,blue
chr8,47736260,47736914,655,NA,NA,NA
chr8,48555573,48555827,255,NA,NA,NA
chr8,48683091,48683323,233,NA,NA,NA
chr8,52100677,52101466,790,green,NA,NA
chr8,58172835,58173314,480,NA,purple,NA
chr8,60376358,60377068,711,NA,NA,NA
chr8,67984681,67985304,624,NA,NA,NA
chr8,70068833,70069280,448,NA,NA,NA
chr8,70217023,70217718,696,NA,purple,NA
chr8,73613763,73614900,1138,NA,NA,NA
chr8,74048676,74049309,634,NA,NA,blue
chr8,80687003,80687614,612,green,NA,NA
chr8,80727445,80727855,411,NA,NA,NA
chr8,81279713,81280173,461,NA,NA,blue
chr8,95072903,95073766,864,green,NA,blue
chr8,95208912,95209596,685,NA,NA,NA
chr8,98973316,98974175,860,NA,NA,NA
chr8,100336407,100336816,410,NA,NA,blue
chr8,100809317,100810303,987,NA,purple,NA
chr8,103370915,103371071,157,NA,NA,blue
chr8,123161247,123161519,273,NA,purple,NA
chr8,123540178,123540622,445,NA,NA,NA
chr8,127793710,127794171,462,NA,NA,blue
chr8,129678819,129679618,800,NA,purple,NA
chr8,129683321,129683810,490,NA,NA,blue
chr8,129685142,129685915,774,NA,NA,blue
chr8,130013440,130013904,465,NA,purple,NA
chr8,132882639,132883273,635,green,NA,NA
chr8,133066864,133067591,728,green,purple,NA
chr8,133456730,133457098,369,NA,NA,NA
chr8,135458434,135458909,476,NA,NA,blue
chr8,140035407,140035874,468,NA,NA,NA
chr8,140046957,140047405,449,NA,NA,NA
chr8,140273122,140273627,506,NA,NA,NA
chr8,140558265,140558748,484,green,NA,NA
chr8,140590990,140591418,429,green,NA,blue
chr8,141227108,141227694,587,green,NA,blue
chr8,141279148,141279459,312,NA,NA,NA
chr8,141392462,141392716,255,NA,NA,blue
chr8,141403021,141403882,862,NA,purple,NA
chr8,142300623,142302199,1577,NA,NA,NA
chr8,142303833,142304482,650,NA,NA,NA
chr8,142402058,142402468,411,NA,NA,blue
chr8,142453435,142453695,261,NA,NA,NA
chr8,142475025,142475302,278,NA,NA,NA
chr8,142619812,142620320,509,NA,NA,blue
chr8,142778293,142778674,382,green,NA,blue
chr8,143183001,143183503,503,NA,NA,NA
chr8,143245710,143246504,795,NA,NA,blue
chr8,143549354,143549835,482,NA,NA,blue
chr8,143572046,143573727,1682,NA,NA,blue
chr8,143940038,143940544,507,NA,purple,NA
chr8,143950920,143951787,868,NA,purple,NA
chr8,143994689,143995261,573,green,NA,NA
chr8,144012484,144012960,477,green,NA,blue
chr8,144275384,144275659,276,NA,NA,NA
chr8,144324042,144324596,555,NA,NA,NA
chr8,144500257,144501531,1275,NA,NA,blue
chr8,144526572,144527420,849,NA,NA,blue
chr9,6412354,6412926,573,NA,NA,blue
chr9,33719647,33720028,382,NA,NA,blue
chr9,35490473,35490862,390,NA,NA,NA
chr9,35691281,35691657,377,NA,NA,blue
chr9,38047376,38048127,752,NA,NA,NA
chr9,38164562,38165076,515,NA,NA,NA
chr9,63385146,63385387,242,NA,NA,blue
chr9,64774152,64774467,316,NA,NA,NA
chr9,70044333,70044724,392,NA,NA,NA
chr9,71683709,71685475,1767,NA,NA,NA
chr9,76020553,76021019,467,NA,NA,NA
chr9,78021785,78022487,703,NA,NA,NA
chr9,79256669,79258348,1680,NA,NA,NA
chr9,87509941,87510435,495,green,NA,NA
chr9,87517683,87518324,642,green,purple,NA
chr9,88391577,88392297,721,NA,NA,blue
chr9,88531828,88532767,940,NA,NA,blue
chr9,89405865,89406271,407,green,purple,NA
chr9,89418614,89419355,742,green,purple,NA
chr9,89483962,89484554,593,NA,purple,NA
chr9,90800751,90801338,588,NA,NA,blue
chr9,91177601,91178147,547,green,NA,NA
chr9,91896914,91897198,285,NA,NA,NA
chr9,92953961,92954682,722,NA,purple,NA
chr9,93053250,93053627,378,NA,NA,NA
chr9,93058024,93060035,2012,green,NA,blue
chr9,93123896,93124337,442,NA,NA,NA
chr9,93131051,93131765,715,NA,NA,NA
chr9,94638829,94639112,284,NA,NA,NA
chr9,94639955,94640375,421,NA,NA,blue
chr9,95092313,95093153,841,NA,NA,NA
chr9,95094854,95095492,639,NA,NA,NA
chr9,96149498,96150139,642,NA,NA,NA
chr9,97985322,97985636,315,NA,NA,NA
chr9,107637012,107637845,834,NA,NA,NA
chr9,111036539,111037045,507,NA,NA,NA
chr9,111039079,111039981,903,NA,NA,blue
chr9,113350256,113350734,479,NA,purple,NA
chr9,113379468,113379790,323,green,NA,NA
chr9,113564708,113565768,1061,NA,NA,NA
chr9,113593607,113594795,1189,green,purple,NA
chr9,113994197,113994693,497,NA,NA,NA
chr9,114504189,114505083,895,green,NA,NA
chr9,114619028,114619765,738,NA,NA,NA
chr9,121268802,121269924,1123,green,purple,NA
chr9,121286003,121286880,878,NA,NA,blue
chr9,121650429,121651375,947,NA,NA,NA
chr9,122219882,122221646,1765,NA,NA,NA
chr9,122346533,122347089,557,green,NA,NA
chr9,123338934,123340396,1463,NA,purple,NA
chr9,123373232,123373320,89,NA,NA,NA
chr9,124281975,124282500,526,NA,purple,NA
chr9,124290874,124291424,551,NA,purple,NA
chr9,124299715,124300441,727,NA,NA,NA
chr9,124469453,124469703,251,NA,NA,NA
chr9,124511750,124513738,1989,NA,NA,NA
chr9,124795504,124796680,1177,green,NA,NA
chr9,126347087,126348217,1131,NA,NA,NA
chr9,126498352,126498922,571,green,NA,NA
chr9,126499871,126500225,355,green,NA,NA
chr9,127762000,127762986,987,green,purple,NA
chr9,127769969,127771088,1120,green,purple,NA
chr9,127838476,127839178,703,NA,NA,NA
chr9,127862790,127863037,248,NA,purple,NA
chr9,127897142,127897741,600,NA,purple,NA
chr9,127898693,127899076,384,NA,purple,NA
chr9,127903421,127905418,1998,NA,NA,blue
chr9,127915541,127916520,980,NA,NA,NA
chr9,128243514,128244574,1061,NA,NA,NA
chr9,128922217,128922966,750,NA,NA,NA
chr9,129139403,129141602,2200,green,purple,NA
chr9,129336559,129337543,985,green,purple,NA
chr9,129346675,129347230,556,green,purple,NA
chr9,129351022,129351364,343,green,NA,NA
chr9,129352327,129352840,514,green,NA,NA
chr9,129422647,129423289,643,NA,NA,NA
chr9,129596964,129598371,1408,NA,NA,NA
chr9,129887321,129888375,1055,green,NA,NA
chr9,130893435,130893966,532,green,purple,NA
chr9,131117409,131117899,491,NA,NA,NA
chr9,131266091,131266472,382,NA,NA,NA
chr9,131280150,131280583,434,NA,NA,NA
chr9,131668103,131668627,525,green,purple,NA
chr9,133144113,133144441,329,NA,purple,NA
chr9,133371033,133371762,730,NA,NA,NA
chr9,133532885,133533237,353,NA,NA,NA
chr9,133533989,133534310,322,NA,NA,NA
chr9,133609194,133609695,502,NA,NA,NA
chr9,133862670,133863179,510,NA,purple,NA
chr9,133954886,133955632,747,NA,NA,NA
chr9,134178758,134179224,467,green,NA,NA
chr9,134263812,134264098,287,NA,NA,NA
chr9,134286254,134286725,472,NA,NA,NA
chr9,134316354,134317272,919,NA,NA,blue
chr9,134343780,134344253,474,NA,purple,NA
chr9,134345990,134346273,284,NA,NA,NA
chr9,134360035,134360649,615,NA,NA,NA
chr9,134375737,134376493,757,green,purple,NA
chr9,134377324,134378366,1043,green,NA,blue
chr9,134385721,134386417,697,NA,NA,NA
chr9,134397122,134397784,663,NA,purple,NA
chr9,134404532,134405045,514,NA,purple,NA
chr9,134455604,134456059,456,NA,purple,NA
chr9,134462420,134462979,560,NA,NA,NA
chr9,134474810,134475376,567,NA,NA,NA
chr9,134491218,134491529,312,NA,NA,NA
chr9,134585221,134585555,335,NA,NA,NA
chr9,134768876,134769267,392,NA,NA,NA
chr9,135958444,135958854,411,green,purple,NA
chr9,135964263,135964907,645,green,NA,NA
chr9,135978621,135979260,640,green,NA,NA
chr9,136050600,136050837,238,NA,NA,NA
chr9,136098776,136099418,643,NA,NA,NA
chr9,136107525,136107991,467,NA,purple,NA
chr9,136305472,136306419,948,NA,NA,NA
chr9,136309059,136309638,580,NA,NA,NA
chr9,136310469,136310932,464,NA,NA,NA
chr9,136530592,136531545,954,green,NA,NA
chr9,136532413,136533109,697,green,NA,NA
chr9,136562957,136563409,453,green,NA,NA
chr9,136578305,136579501,1197,green,NA,NA
chr9,136603828,136604554,727,NA,NA,NA
chr9,136628259,136629157,899,NA,NA,NA
chr9,136645297,136646527,1231,NA,NA,NA
chr9,136650596,136651289,694,NA,NA,NA
chr9,136653689,136654209,521,NA,NA,NA
chr9,136655275,136655774,500,NA,NA,NA
chr9,136659789,136665198,5410,green,NA,blue
chr9,136666535,136667744,1210,green,NA,NA
chr9,136668336,136668692,357,green,NA,blue
chr9,136673519,136674135,617,NA,NA,NA
chr9,136687686,136688355,670,NA,NA,blue
chr9,136741079,136742258,1180,NA,NA,NA
chr9,136746209,136746432,224,NA,NA,NA
chr9,136748570,136749219,650,NA,NA,blue
chr9,137076828,137077229,402,NA,NA,blue
chr9,137278355,137278848,494,NA,NA,NA
chr9,137315726,137317052,1327,green,NA,NA
chr9,137383288,137383551,264,NA,NA,NA
chr9,137387557,137387845,289,NA,NA,NA
chr9,137434588,137434904,317,NA,NA,NA
chr9,137450903,137451393,491,NA,NA,blue
chr9,137632729,137633154,426,green,purple,NA
chr9,137646903,137647380,478,NA,purple,NA
chr9,137705287,137705963,677,NA,NA,NA
chr9,137723288,137723773,486,NA,purple,NA
chr10,1939050,1939440,391,NA,purple,NA
chr10,3096089,3096746,658,NA,purple,NA
chr10,3424473,3424952,480,NA,NA,NA
chr10,3808073,3808543,471,green,purple,NA
chr10,3892982,3893463,482,NA,NA,NA
chr10,4121439,4122057,619,green,NA,NA
chr10,4887392,4888031,640,green,NA,NA
chr10,5446262,5448387,2126,green,purple,NA
chr10,5479601,5480180,580,green,NA,NA
chr10,5547777,5548359,583,NA,purple,NA
chr10,6052505,6053210,706,NA,NA,NA
chr10,6053905,6054649,745,NA,NA,NA
chr10,6542993,6543786,794,NA,purple,NA
chr10,7318947,7319508,562,NA,NA,NA
chr10,7438467,7438913,447,NA,NA,NA
chr10,11149361,11149928,568,NA,purple,NA
chr10,11209943,11210864,922,NA,purple,NA
chr10,11242197,11242639,443,NA,purple,NA
chr10,11335122,11335666,545,NA,purple,NA
chr10,11921920,11922402,483,NA,NA,blue
chr10,12241963,12242208,246,green,purple,NA
chr10,12416544,12417052,509,NA,NA,NA
chr10,17428162,17428678,517,NA,purple,NA
chr10,22436334,22436917,584,NA,purple,NA
chr10,27241397,27241687,291,NA,NA,blue
chr10,29343980,29344501,522,NA,NA,NA
chr10,30034881,30035211,331,NA,NA,NA
chr10,30493369,30494050,682,NA,purple,NA
chr10,30763962,30764294,333,green,NA,NA
chr10,31133407,31134744,1338,NA,purple,NA
chr10,31146223,31147030,808,NA,NA,NA
chr10,31697336,31698302,967,NA,NA,NA
chr10,35447794,35448390,597,NA,purple,NA
chr10,42862540,42863380,841,green,NA,NA
chr10,43225875,43226239,365,NA,NA,NA
chr10,43362667,43362830,164,green,purple,NA
chr10,43396099,43397756,1658,green,NA,NA
chr10,43574000,43574654,655,NA,NA,blue
chr10,45419386,45420134,749,NA,purple,NA
chr10,45424850,45425257,408,NA,NA,NA
chr10,46091454,46092270,817,NA,purple,NA
chr10,48459484,48460056,573,NA,NA,NA
chr10,48480818,48481327,510,NA,NA,NA
chr10,48655586,48656012,427,NA,NA,NA
chr10,62637160,62637793,634,green,purple,NA
chr10,62760494,62761358,865,NA,NA,NA
chr10,69317858,69318330,473,NA,purple,NA
chr10,70459029,70459498,470,green,NA,NA
chr10,70494846,70495421,576,NA,NA,NA
chr10,71240452,71240824,373,NA,NA,NA
chr10,71390416,71390730,315,green,NA,NA
chr10,71475047,71475877,831,NA,NA,NA
chr10,71746120,71747573,1454,green,purple,NA
chr10,72326691,72327171,481,NA,purple,NA
chr10,72345011,72345430,420,green,purple,NA
chr10,73865259,73865662,404,green,purple,NA
chr10,73867237,73867862,626,green,purple,NA
chr10,75233862,75234473,612,NA,purple,NA
chr10,75275876,75276547,672,NA,NA,blue
chr10,76033638,76034165,528,NA,NA,NA
chr10,77225568,77225955,388,green,NA,NA
chr10,77836370,77836795,426,NA,purple,NA
chr10,77877540,77878229,690,NA,purple,NA
chr10,77898426,77899280,855,NA,NA,NA
chr10,77927499,77927789,291,NA,NA,blue
chr10,78964812,78965442,631,NA,NA,NA
chr10,78973095,78973391,297,NA,purple,NA
chr10,79000847,79001677,831,NA,NA,NA
chr10,79025189,79025621,433,NA,NA,NA
chr10,79139367,79140456,1090,green,purple,NA
chr10,79146578,79147246,669,NA,purple,NA
chr10,79390464,79390813,350,NA,NA,NA
chr10,86401613,86402083,471,NA,NA,NA
chr10,86966147,86966715,569,NA,NA,blue
chr10,87407939,87408429,491,NA,NA,blue
chr10,92048043,92048550,508,green,NA,NA
chr10,93462931,93463438,508,NA,purple,NA
chr10,93555115,93555524,410,green,NA,NA
chr10,97179421,97180188,768,NA,NA,NA
chr10,97418664,97419449,786,NA,purple,NA
chr10,99330474,99330759,286,NA,NA,NA
chr10,100970017,100970485,469,NA,NA,NA
chr10,101018223,101018609,387,NA,NA,NA
chr10,101709925,101710362,438,NA,NA,blue
chr10,101829448,101830405,958,green,purple,NA
chr10,103069507,103070420,914,green,NA,NA
chr10,103153442,103154655,1214,green,purple,NA
chr10,103578637,103579086,450,NA,NA,NA
chr10,110376048,110376826,779,green,NA,NA
chr10,110496207,110496971,765,NA,NA,blue
chr10,112375584,112376089,506,NA,purple,NA
chr10,112743129,112743790,662,NA,NA,NA
chr10,114044329,114045185,857,NA,NA,NA
chr10,114538340,114538801,462,NA,NA,NA
chr10,114768591,114768926,336,NA,NA,NA
chr10,116893189,116894817,1629,NA,NA,NA
chr10,119028705,119029024,320,NA,NA,blue
chr10,119516313,119517297,985,NA,purple,NA
chr10,119537519,119539242,1724,NA,NA,NA
chr10,124086088,124086544,457,green,NA,NA
chr10,124534198,124535008,811,green,NA,NA
chr10,125061223,125061472,250,NA,NA,NA
chr10,125144136,125145709,1574,NA,NA,NA
chr10,125151762,125152822,1061,NA,NA,NA
chr10,131749395,131749844,450,NA,NA,NA
chr10,132389377,132389924,548,green,NA,NA
chr10,132394896,132395307,412,green,NA,blue
chr10,132411400,132412291,892,NA,NA,NA
chr10,132429419,132430185,767,NA,NA,NA
chr10,132514846,132515493,648,green,NA,NA
chr10,132517240,132517741,502,green,NA,NA
chr10,132539530,132541029,1500,NA,purple,NA
chr10,132579102,132579480,379,NA,NA,NA
chr10,132685084,132685581,498,NA,NA,NA
chr10,133258138,133258544,407,NA,NA,blue
chr10,133261013,133261675,663,NA,purple,NA
chr10,133275503,133277344,1842,NA,NA,blue
chr11,315992,316591,600,green,NA,NA
chr11,355581,356177,597,NA,purple,NA
chr11,415396,416302,907,NA,NA,NA
chr11,626255,627651,1397,NA,NA,blue
chr11,629063,629664,602,NA,NA,blue
chr11,639228,641263,2036,NA,NA,NA
chr11,693450,694043,594,green,NA,blue
chr11,737412,737866,455,NA,NA,NA
chr11,828877,830278,1402,NA,NA,NA
chr11,834575,835431,857,NA,NA,blue
chr11,1297856,1298503,648,NA,NA,NA
chr11,1336741,1337778,1038,NA,NA,NA
chr11,1661780,1662349,570,NA,NA,NA
chr11,1667955,1668199,245,NA,NA,NA
chr11,1748152,1748695,544,NA,NA,NA
chr11,1840114,1840672,559,green,purple,NA
chr11,1887799,1888884,1086,green,NA,NA
chr11,1896560,1897066,507,green,NA,blue
chr11,1926497,1927214,718,NA,NA,NA
chr11,1931240,1932445,1206,NA,NA,NA
chr11,1939057,1939543,487,NA,NA,NA
chr11,1965880,1966285,406,NA,NA,NA
chr11,1968790,1969689,900,NA,NA,NA
chr11,1969899,1970157,259,NA,NA,NA
chr11,1986409,1987171,763,NA,NA,NA
chr11,1990823,1991591,769,NA,NA,blue
chr11,1992655,1992959,305,NA,NA,NA
chr11,2190783,2191152,370,green,NA,NA
chr11,2213568,2213905,338,green,NA,NA
chr11,2382858,2383333,476,NA,NA,NA
chr11,2777794,2778530,737,NA,purple,NA
chr11,2781273,2781988,716,NA,purple,NA
chr11,2788522,2789046,525,NA,NA,NA
chr11,2811769,2812153,385,NA,purple,NA
chr11,2914029,2914726,698,NA,NA,NA
chr11,2933232,2933594,363,NA,purple,NA
chr11,3626535,3626955,421,NA,NA,NA
chr11,3854200,3854630,431,green,NA,blue
chr11,8329950,8330425,476,NA,NA,NA
chr11,9004356,9004986,631,NA,NA,blue
chr11,10674504,10675044,541,NA,NA,NA
chr11,15114188,15115226,1039,NA,NA,NA
chr11,17439263,17439798,536,NA,NA,NA
chr11,18012273,18012518,246,NA,NA,NA
chr11,21609355,21609663,309,NA,NA,NA
chr11,33937057,33937704,648,NA,NA,NA
chr11,36400672,36401411,740,NA,NA,NA
chr11,44939170,44940184,1015,green,NA,NA
chr11,45209659,45210813,1155,NA,NA,NA
chr11,45650253,45650376,124,NA,NA,blue
chr11,45923708,45923942,235,NA,NA,NA
chr11,46338702,46339452,751,NA,NA,NA
chr11,46379632,46380386,755,NA,NA,blue
chr11,47391060,47391536,477,NA,purple,NA
chr11,47416012,47416517,506,NA,NA,NA
chr11,47524050,47525113,1064,NA,purple,NA
chr11,47592429,47593781,1353,NA,NA,NA
chr11,47768299,47768742,444,NA,NA,blue
chr11,47979625,47980117,493,green,NA,blue
chr11,47991176,47991711,536,NA,NA,NA
chr11,57632562,57632888,327,NA,NA,NA
chr11,57637549,57638134,586,NA,NA,blue
chr11,57639948,57640257,310,NA,NA,blue
chr11,57645951,57647004,1054,NA,NA,blue
chr11,60821725,60822262,538,green,NA,blue
chr11,61007417,61008284,868,NA,NA,NA
chr11,61041746,61042587,842,NA,purple,NA
chr11,61146669,61147656,988,NA,NA,blue
chr11,61695872,61696651,780,NA,purple,NA
chr11,62105168,62105794,627,NA,NA,NA
chr11,62401966,62402639,674,green,purple,NA
chr11,62501296,62502160,865,NA,NA,NA
chr11,62508132,62508880,749,NA,NA,NA
chr11,62637577,62637919,343,green,purple,NA
chr11,62687415,62688472,1058,green,NA,NA
chr11,63917891,63918634,744,NA,NA,blue
chr11,64001859,64004367,2509,green,NA,NA
chr11,64027933,64028785,853,green,NA,NA
chr11,64033967,64034770,804,green,NA,blue
chr11,64125450,64126222,773,NA,NA,NA
chr11,64208189,64208545,357,green,NA,NA
chr11,64247744,64248058,315,NA,NA,blue
chr11,64267849,64268901,1053,NA,NA,blue
chr11,64342483,64342954,472,NA,NA,blue
chr11,64851097,64851726,630,green,purple,NA
chr11,64858509,64859620,1112,green,purple,NA
chr11,65168969,65169589,621,NA,NA,blue
chr11,65404228,65404535,308,green,purple,NA
chr11,65546024,65546387,364,green,purple,NA
chr11,65575012,65575471,460,NA,NA,blue
chr11,66316753,66318017,1265,NA,NA,blue
chr11,66335535,66336069,535,NA,NA,NA
chr11,67081912,67082349,438,green,NA,NA
chr11,67117531,67118154,624,green,NA,blue
chr11,67270536,67274075,3540,green,NA,NA
chr11,67367155,67368812,1658,NA,NA,NA
chr11,67415144,67416145,1002,green,NA,blue
chr11,67439882,67440502,621,green,NA,blue
chr11,67442978,67443192,215,green,NA,NA
chr11,67484316,67484879,564,NA,NA,NA
chr11,67647351,67649150,1800,green,purple,NA
chr11,68002991,68003443,453,NA,purple,NA
chr11,68314293,68315153,861,green,NA,NA
chr11,68750000,68751034,1035,NA,NA,NA
chr11,68829071,68829694,624,NA,NA,NA
chr11,69097327,69097814,488,green,NA,NA
chr11,69122922,69123577,656,green,NA,NA
chr11,69148936,69149240,305,green,NA,NA
chr11,69374406,69374867,462,NA,NA,NA
chr11,69414596,69415362,767,NA,NA,NA
chr11,69416118,69417796,1679,NA,NA,NA
chr11,69442934,69443196,263,NA,NA,NA
chr11,69662085,69662540,456,NA,NA,NA
chr11,70314632,70315197,566,NA,purple,NA
chr11,70438578,70438908,331,NA,NA,NA
chr11,72625595,72626079,485,NA,NA,NA
chr11,73289202,73289559,358,NA,purple,NA
chr11,73323021,73323900,880,NA,NA,NA
chr11,73983689,73984000,312,NA,NA,blue
chr11,75272595,75273065,471,green,purple,NA
chr11,75343246,75344068,823,NA,NA,NA
chr11,75429496,75430072,577,green,NA,NA
chr11,76241459,76241896,438,NA,NA,NA
chr11,76588305,76588962,658,NA,purple,NA
chr11,76686436,76686794,359,NA,NA,NA
chr11,77175879,77176220,342,green,NA,NA
chr11,78427640,78428263,624,NA,purple,NA
chr11,87353460,87354508,1049,green,NA,NA
chr11,111436575,111437179,605,NA,NA,NA
chr11,111541790,111542223,434,green,NA,NA
chr11,111937447,111937707,261,NA,NA,NA
chr11,114073241,114073969,729,green,purple,NA
chr11,114074527,114075217,691,green,purple,NA
chr11,114096204,114096865,662,NA,purple,NA
chr11,114139589,114140005,417,NA,purple,NA
chr11,114171399,114172146,748,NA,NA,NA
chr11,117663611,117664166,556,NA,NA,NA
chr11,117861786,117862295,510,NA,NA,NA
chr11,118917889,118918771,883,green,NA,NA
chr11,119363009,119363615,607,NA,NA,NA
chr11,119686426,119686804,379,green,NA,NA
chr11,121426848,121427450,603,green,NA,blue
chr11,122726862,122727449,588,NA,NA,blue
chr11,124069353,124069737,385,NA,NA,NA
chr11,126416357,126417169,813,NA,NA,NA
chr11,126465791,126466393,603,NA,purple,NA
chr11,126477940,126478313,374,NA,purple,NA
chr11,128716925,128718199,1275,NA,purple,NA
chr11,128720016,128721104,1089,NA,purple,NA
chr11,128730855,128731503,649,NA,purple,NA
chr11,128733957,128734808,852,NA,purple,NA
chr11,128772765,128773263,499,NA,purple,NA
chr11,128835875,128836469,595,NA,NA,NA
chr11,128859698,128860311,614,NA,NA,NA
chr11,128903590,128904249,660,NA,NA,NA
chr12,598100,598645,546,green,purple,NA
chr12,643636,644305,670,green,purple,NA
chr12,914339,914693,355,NA,purple,NA
chr12,1932099,1932786,688,NA,NA,NA
chr12,2299006,2299610,605,NA,NA,NA
chr12,2503635,2504055,421,NA,NA,NA
chr12,2640805,2641574,770,NA,NA,NA
chr12,2650227,2650868,642,NA,NA,NA
chr12,2683611,2684826,1216,green,NA,NA
chr12,2692120,2692767,648,NA,NA,blue
chr12,2834659,2835509,851,NA,NA,blue
chr12,3838757,3839479,723,NA,NA,blue
chr12,4289052,4289614,563,NA,purple,NA
chr12,6199319,6199992,674,green,NA,blue
chr12,6376190,6377212,1023,green,NA,NA
chr12,6946167,6946758,592,green,NA,blue
chr12,7872482,7873462,981,green,NA,NA
chr12,7915809,7916316,508,green,NA,NA
chr12,7971224,7972094,871,NA,purple,NA
chr12,10153834,10154348,515,NA,NA,NA
chr12,11654825,11656351,1527,green,NA,NA
chr12,11666438,11667121,684,green,NA,NA
chr12,11668341,11669222,882,green,NA,NA
chr12,11672243,11672934,692,green,NA,NA
chr12,11674053,11674524,472,green,NA,NA
chr12,11758348,11759528,1181,NA,purple,NA
chr12,11765709,11766374,666,green,purple,NA
chr12,11774564,11775363,800,NA,purple,NA
chr12,11863346,11864332,987,green,purple,NA
chr12,12808009,12808622,614,NA,purple,NA
chr12,13097428,13098065,638,green,purple,NA
chr12,13147867,13148430,564,NA,NA,NA
chr12,14257419,14258451,1033,green,purple,NA
chr12,14259871,14260423,553,green,purple,NA
chr12,16609794,16610349,556,NA,NA,NA
chr12,31362131,31362662,532,NA,purple,NA
chr12,46266472,46267241,770,NA,NA,NA
chr12,46269578,46270313,736,NA,NA,blue
chr12,47757681,47758263,583,NA,NA,NA
chr12,47801482,47802090,609,NA,purple,NA
chr12,47816493,47817151,659,NA,NA,NA
chr12,47942114,47942594,481,green,NA,NA
chr12,49388952,49389643,692,green,NA,blue
chr12,51368443,51368761,319,NA,NA,NA
chr12,51863163,51863633,471,NA,NA,NA
chr12,51906721,51907930,1210,NA,NA,blue
chr12,52010033,52010638,606,NA,NA,NA
chr12,53219190,53219622,433,green,purple,NA
chr12,53752075,53752412,338,NA,NA,blue
chr12,54259113,54260492,1380,green,purple,NA
chr12,54390138,54390850,713,green,NA,NA
chr12,54560302,54561384,1083,NA,purple,NA
chr12,55646051,55646709,659,NA,NA,blue
chr12,56160069,56160895,827,NA,NA,blue
chr12,57085984,57086352,369,green,NA,NA
chr12,57852361,57853257,897,NA,NA,NA
chr12,65926167,65927113,947,NA,purple,NA
chr12,68609830,68610328,499,NA,NA,blue
chr12,76665722,76666621,900,NA,NA,NA
chr12,92540240,92540785,546,NA,purple,NA
chr12,93377212,93377697,486,NA,NA,blue
chr12,94164706,94165162,457,NA,NA,NA
chr12,94678136,94678736,601,NA,NA,NA
chr12,96193603,96194027,425,NA,NA,blue
chr12,96208621,96210891,2271,green,purple,NA
chr12,96240661,96240995,335,green,purple,NA
chr12,104742547,104743182,636,NA,purple,NA
chr12,107317528,107318026,499,NA,NA,blue
chr12,108609384,108609981,598,green,NA,NA
chr12,108825979,108827346,1368,NA,purple,NA
chr12,109944864,109945456,593,NA,purple,NA
chr12,110781526,110782281,756,NA,NA,NA
chr12,111091117,111091602,486,NA,NA,NA
chr12,111412016,111412681,666,green,NA,NA
chr12,111429362,111430322,961,NA,purple,NA
chr12,113065069,113065594,526,green,NA,NA
chr12,113302639,113303581,943,NA,NA,NA
chr12,116508763,116509219,457,NA,NA,NA
chr12,116599596,116600223,628,NA,NA,NA
chr12,116665636,116666055,420,NA,NA,NA
chr12,120224536,120226403,1868,green,NA,blue
chr12,120719374,120720878,1505,NA,NA,NA
chr12,121240373,121240917,545,NA,purple,NA
chr12,121297560,121298013,454,NA,purple,NA
chr12,121467823,121468388,566,NA,NA,NA
chr12,121536030,121536653,624,green,purple,NA
chr12,121578465,121578972,508,green,NA,blue
chr12,122155596,122155996,401,NA,NA,NA
chr12,122917755,122918315,561,green,NA,NA
chr12,122943206,122943659,454,green,NA,NA
chr12,123389745,123391394,1650,green,purple,NA
chr12,124040406,124040734,329,green,NA,NA
chr12,124379735,124380201,467,green,NA,NA
chr12,124393136,124393507,372,green,purple,NA
chr12,124561082,124561606,525,green,NA,blue
chr12,124564400,124564978,579,green,NA,NA
chr12,124676023,124676453,431,NA,NA,NA
chr12,125098934,125099313,380,NA,NA,NA
chr12,130838167,130838733,567,NA,NA,NA
chr12,131216603,131217077,475,NA,NA,NA
chr12,131784010,131784626,617,NA,NA,NA
chr12,131804025,131804429,405,NA,purple,NA
chr12,132188995,132189233,239,NA,NA,blue
chr12,132428629,132429058,430,green,NA,NA
chr12,132445428,132445782,355,NA,purple,NA
chr12,132451190,132451477,288,NA,NA,NA
chr12,132504904,132505690,787,NA,NA,NA
chr12,132506157,132507264,1108,NA,purple,NA
chr12,132765389,132765843,455,NA,purple,NA
chr12,132766456,132767123,668,NA,purple,NA
chr13,20191454,20191995,542,NA,NA,NA
chr13,20475648,20476037,390,green,NA,NA
chr13,23608844,23609210,367,NA,purple,NA
chr13,23695638,23696234,597,NA,NA,NA
chr13,24160041,24160573,533,NA,NA,blue
chr13,24931653,24932407,755,NA,NA,blue
chr13,30354774,30356416,1643,NA,NA,NA
chr13,30445302,30446407,1106,NA,NA,NA
chr13,33205377,33206343,967,NA,NA,NA
chr13,40790050,40790369,320,NA,NA,NA
chr13,44373344,44374561,1218,NA,NA,blue
chr13,46182750,46183964,1215,green,NA,NA
chr13,48853490,48854145,656,NA,NA,NA
chr13,49219690,49220156,467,NA,NA,blue
chr13,49652359,49653000,642,green,NA,NA
chr13,51004151,51004808,658,NA,NA,NA
chr13,51065613,51067059,1447,NA,NA,NA
chr13,51764519,51765287,769,NA,purple,NA
chr13,52160656,52161171,516,NA,NA,blue
chr13,75635473,75635822,350,NA,NA,blue
chr13,78647088,78647385,298,NA,NA,NA
chr13,79480697,79481036,340,NA,NA,blue
chr13,94859063,94859699,637,NA,NA,NA
chr13,98044249,98044848,600,NA,NA,NA
chr13,98565843,98566403,561,NA,purple,NA
chr13,100612048,100612697,650,NA,purple,NA
chr13,103282951,103283595,645,NA,NA,NA
chr13,106867187,106867789,603,NA,NA,NA
chr13,106919542,106920059,518,NA,NA,NA
chr13,109243462,109244218,757,NA,NA,NA
chr13,110124748,110125060,313,NA,NA,NA
chr13,110126437,110127019,583,NA,NA,NA
chr13,110560759,110561249,491,NA,NA,NA
chr13,112893540,112894009,470,NA,NA,blue
chr13,112928479,112929033,555,NA,NA,NA
chr13,112992262,112992664,403,NA,NA,NA
chr13,113010349,113010809,461,NA,NA,NA
chr13,113508213,113508783,571,NA,purple,NA
chr13,113528129,113528585,457,NA,NA,NA
chr13,114048925,114049423,499,green,purple,NA
chr13,114110523,114110954,432,NA,NA,blue
chr13,114142411,114143205,795,NA,purple,NA
chr14,20429715,20430141,427,NA,purple,NA
chr14,20622745,20624009,1265,green,NA,NA
chr14,21308002,21309136,1135,green,NA,NA
chr14,22065651,22066415,765,NA,NA,blue
chr14,22417786,22418713,928,green,NA,blue
chr14,23438279,23438625,347,NA,NA,NA
chr14,24051361,24051631,271,NA,NA,blue
chr14,24095014,24095664,651,NA,NA,NA
chr14,24310053,24311725,1673,green,NA,blue
chr14,24327824,24328377,554,green,purple,NA
chr14,24366134,24367940,1807,green,NA,NA
chr14,24397876,24398833,958,green,NA,blue
chr14,24481586,24482034,449,NA,NA,NA
chr14,30982368,30982828,461,green,NA,NA
chr14,49585033,49585224,192,NA,NA,blue
chr14,50001223,50001462,240,green,purple,NA
chr14,58752786,58753506,721,NA,purple,NA
chr14,59464022,59465603,1582,NA,NA,blue
chr14,60327302,60327647,346,NA,NA,NA
chr14,61439224,61439780,557,NA,purple,NA
chr14,61470142,61470523,382,green,purple,NA
chr14,61567907,61569245,1339,green,NA,blue
chr14,64221363,64221866,504,NA,NA,NA
chr14,64762528,64762957,430,NA,NA,NA
chr14,64971273,64971659,387,NA,NA,NA
chr14,65229660,65230543,884,green,purple,NA
chr14,68283359,68283997,639,green,purple,NA
chr14,68628101,68629222,1122,NA,NA,blue
chr14,68654834,68655865,1032,NA,NA,NA
chr14,69711814,69713089,1276,NA,purple,NA
chr14,71418571,71419538,968,NA,purple,NA
chr14,73239449,73239957,509,green,NA,NA
chr14,73269638,73270679,1042,green,NA,NA
chr14,73754947,73755650,704,green,NA,NA
chr14,73761447,73762820,1374,NA,NA,NA
chr14,74941497,74942321,825,green,purple,NA
chr14,74961912,74962433,522,NA,NA,NA
chr14,75426977,75427453,477,NA,NA,blue
chr14,76777853,76778384,532,NA,NA,blue
chr14,76977959,76978406,448,green,purple,NA
chr14,89164375,89164954,580,green,purple,NA
chr14,90402097,90402766,670,green,purple,NA
chr14,90759022,90759854,833,NA,purple,NA
chr14,91329224,91330553,1330,green,purple,NA
chr14,91366937,91367721,785,NA,purple,NA
chr14,91372469,91373089,621,green,purple,NA
chr14,91873528,91874079,552,NA,NA,NA
chr14,92549845,92550476,632,green,purple,NA
chr14,92555322,92556010,689,green,NA,NA
chr14,92675481,92675986,506,NA,purple,NA
chr14,93952764,93953687,924,NA,NA,NA
chr14,95523395,95524587,1193,NA,NA,NA
chr14,100072859,100073298,440,NA,NA,NA
chr14,100105516,100106005,490,NA,NA,NA
chr14,100140572,100140961,390,NA,NA,NA
chr14,100142039,100143078,1040,NA,purple,NA
chr14,100284603,100285054,452,NA,purple,NA
chr14,100617188,100618054,867,NA,NA,NA
chr14,101111787,101112085,299,NA,NA,NA
chr14,101596638,101597225,588,NA,NA,NA
chr14,102508976,102509469,494,NA,NA,NA
chr14,102900948,102901521,574,NA,NA,NA
chr14,103113515,103114147,633,green,NA,NA
chr14,103136972,103137232,261,NA,NA,NA
chr14,103623998,103624573,576,NA,NA,NA
chr14,103703919,103704153,235,NA,NA,NA
chr14,104394499,104395465,967,NA,purple,NA
chr14,104657936,104658230,295,NA,NA,NA
chr14,104676734,104677549,816,NA,NA,NA
chr14,104689053,104689275,223,NA,NA,blue
chr14,104700368,104701163,796,NA,NA,NA
chr14,104793964,104794573,610,NA,NA,NA
chr14,104932858,104933238,381,NA,NA,NA
chr14,105058534,105058943,410,NA,NA,NA
chr14,105182628,105183268,641,NA,NA,blue
chr14,105204784,105205512,729,NA,NA,NA
chr14,105248852,105249321,470,NA,NA,NA
chr14,105290839,105291272,434,NA,NA,NA
chr14,105410910,105411133,224,green,NA,NA
chr14,105422046,105422570,525,NA,NA,NA
chr14,105469670,105470025,356,NA,NA,NA
chr14,106788624,106789572,949,NA,NA,NA
chr15,22949118,22949566,449,NA,NA,NA
chr15,25800311,25800668,358,NA,NA,NA
chr15,31342690,31343219,530,NA,purple,NA
chr15,31356792,31357654,863,NA,purple,NA
chr15,31396990,31397527,538,NA,NA,NA
chr15,31436148,31436635,488,NA,purple,NA
chr15,32579617,32579957,341,NA,NA,NA
chr15,40768568,40769348,781,NA,NA,blue
chr15,40769888,40770577,690,NA,NA,blue
chr15,40794938,40795428,491,NA,NA,NA
chr15,40843473,40844039,567,NA,NA,blue
chr15,40906953,40907745,793,green,NA,blue
chr15,41513668,41514184,517,NA,NA,blue
chr15,41621985,41622209,225,NA,NA,NA
chr15,41892724,41893136,413,NA,NA,blue
chr15,45376567,45377072,506,NA,NA,blue
chr15,57320680,57321312,633,green,NA,NA
chr15,57591835,57592385,551,NA,NA,blue
chr15,58459387,58459918,532,NA,NA,NA
chr15,58520394,58520770,377,NA,NA,blue
chr15,58864629,58865514,886,NA,NA,blue
chr15,63382059,63382317,259,NA,NA,blue
chr15,63501249,63501901,653,NA,NA,NA
chr15,64717696,64718333,638,green,NA,NA
chr15,64870424,64870879,456,NA,purple,NA
chr15,64883929,64884701,773,NA,purple,NA
chr15,64894681,64895357,677,NA,purple,NA
chr15,66763289,66764202,914,NA,NA,NA
chr15,66772908,66773365,458,NA,NA,NA
chr15,67033952,67034246,295,NA,NA,NA
chr15,67090809,67091605,797,green,purple,NA
chr15,67104338,67104941,604,NA,NA,NA
chr15,68204967,68205654,688,NA,NA,NA
chr15,68208548,68209062,515,NA,NA,NA
chr15,68209719,68210063,345,NA,NA,NA
chr15,68210770,68211218,449,NA,NA,NA
chr15,68579510,68580093,584,green,NA,NA
chr15,68782841,68783134,294,green,purple,NA
chr15,68789789,68790456,668,green,purple,NA
chr15,68794693,68795909,1217,NA,purple,NA
chr15,69594433,69594786,354,green,NA,NA
chr15,70473718,70474354,637,NA,NA,NA
chr15,72229248,72229737,490,NA,NA,NA
chr15,72319526,72320129,604,NA,NA,blue
chr15,74048622,74049050,429,NA,NA,NA
chr15,74390575,74391127,553,green,NA,NA
chr15,74789175,74789795,621,NA,NA,blue
chr15,75090135,75090739,605,NA,NA,NA
chr15,75195495,75196212,718,NA,NA,blue
chr15,75200826,75201408,583,NA,purple,NA
chr15,75346772,75347126,355,green,NA,blue
chr15,75638538,75639015,478,NA,NA,blue
chr15,75694328,75695451,1124,NA,NA,NA
chr15,75709347,75709959,613,NA,NA,NA
chr15,76140091,76140485,395,NA,NA,NA
chr15,76996281,76996816,536,NA,NA,NA
chr15,77015692,77016497,806,NA,purple,NA
chr15,77083782,77084087,306,green,NA,blue
chr15,78068900,78069576,677,green,NA,NA
chr15,78564475,78564943,469,NA,NA,blue
chr15,80999499,80999908,410,NA,NA,blue
chr15,81001983,81002466,484,NA,NA,NA
chr15,81265072,81265722,651,green,NA,NA
chr15,82298384,82299058,675,NA,NA,blue
chr15,82648286,82648558,273,NA,NA,NA
chr15,83012006,83012340,335,NA,NA,blue
chr15,85543539,85544171,633,NA,purple,NA
chr15,89749771,89750292,522,green,NA,NA
chr15,90020282,90020829,548,NA,purple,NA
chr15,90034894,90035512,619,NA,purple,NA
chr15,90046848,90047459,612,NA,NA,NA
chr15,90213742,90214139,398,NA,NA,NA
chr15,90664837,90665413,577,green,purple,NA
chr15,90838123,90838547,425,green,NA,blue
chr15,93064431,93064680,250,green,NA,NA
chr15,93073665,93074173,509,green,NA,NA
chr15,94293463,94294496,1034,NA,purple,NA
chr15,98525095,98526095,1001,green,NA,NA
chr15,99014091,99014563,473,NA,NA,NA
chr15,99511546,99512153,608,NA,NA,NA
chr15,101133900,101134309,410,green,NA,NA
chr15,101456222,101456767,546,NA,purple,NA
chr16,71670,72343,674,NA,NA,NA
chr16,85391,85718,328,NA,purple,NA
chr16,546670,547312,643,NA,NA,NA
chr16,683613,683980,368,NA,NA,NA
chr16,726164,726637,474,green,NA,blue
chr16,1536515,1536768,254,NA,NA,NA
chr16,1537785,1538458,674,NA,NA,NA
chr16,1647727,1648272,546,NA,purple,NA
chr16,1770207,1771375,1169,NA,NA,blue
chr16,2032939,2033981,1043,green,purple,NA
chr16,2043930,2044644,715,NA,NA,NA
chr16,2123940,2126643,2704,NA,NA,NA
chr16,2153175,2153524,350,NA,NA,NA
chr16,2467114,2467621,508,NA,NA,NA
chr16,2468876,2469391,516,NA,NA,blue
chr16,2509902,2510453,552,NA,NA,NA
chr16,2521062,2521300,239,NA,NA,NA
chr16,3021581,3022047,467,green,NA,blue
chr16,3086747,3088031,1285,green,NA,blue
chr16,3589260,3590007,748,NA,NA,NA
chr16,4664228,4665067,840,NA,purple,NA
chr16,9090139,9090556,418,NA,NA,blue
chr16,10929537,10930263,727,NA,NA,NA
chr16,11225325,11225701,377,NA,purple,NA
chr16,11506977,11507417,441,NA,purple,NA
chr16,11674876,11675336,461,NA,NA,NA
chr16,15041213,15041954,742,NA,purple,NA
chr16,15143416,15144829,1414,NA,NA,NA
chr16,15858307,15858772,466,NA,NA,blue
chr16,15989133,15989515,383,NA,purple,NA
chr16,20805803,20806107,305,green,NA,blue
chr16,20913715,20914311,597,NA,purple,NA
chr16,21520727,21521107,381,NA,NA,blue
chr16,23079748,23080158,411,NA,NA,NA
chr16,23508689,23509613,925,NA,purple,NA
chr16,27225508,27226084,577,green,NA,NA
chr16,27531162,27532773,1612,NA,purple,NA
chr16,28291592,28292061,470,NA,NA,blue
chr16,28374295,28374822,528,NA,NA,NA
chr16,28507912,28508410,499,NA,NA,NA
chr16,29081789,29082599,811,NA,NA,NA
chr16,29115514,29115939,426,NA,purple,NA
chr16,29126040,29126534,495,NA,purple,NA
chr16,29184422,29185065,644,NA,NA,NA
chr16,29285143,29285508,366,NA,NA,NA
chr16,29653480,29653960,481,NA,purple,NA
chr16,29689587,29690002,416,green,NA,NA
chr16,30004756,30005058,303,NA,NA,NA
chr16,31356998,31358232,1235,NA,NA,NA
chr16,31457815,31458241,427,green,NA,blue
chr16,31537154,31537996,843,green,NA,NA
chr16,48365690,48366075,386,green,purple,NA
chr16,48541966,48542582,617,NA,NA,NA
chr16,49440677,49441187,511,green,NA,NA
chr16,50281286,50281635,350,green,purple,NA
chr16,50284315,50285248,934,green,purple,NA
chr16,50693239,50693851,613,NA,NA,blue
chr16,50697971,50698558,588,NA,NA,NA
chr16,53094143,53094678,536,NA,purple,NA
chr16,55496768,55497421,654,NA,NA,NA
chr16,56278767,56279546,780,NA,NA,NA
chr16,56356935,56357841,907,NA,NA,NA
chr16,56647756,56648208,453,NA,NA,blue
chr16,57045648,57046090,443,NA,purple,NA
chr16,57091372,57091850,479,NA,NA,blue
chr16,57416561,57416872,312,NA,NA,NA
chr16,57478873,57479925,1053,NA,NA,NA
chr16,57537097,57537839,743,NA,NA,blue
chr16,57645265,57645724,460,green,NA,NA
chr16,57646020,57646492,473,green,purple,NA
chr16,58022782,58023143,362,green,NA,NA
chr16,66266379,66267350,972,NA,NA,NA
chr16,66363719,66364593,875,NA,NA,NA
chr16,66366269,66366807,539,NA,NA,blue
chr16,66578579,66579679,1101,NA,NA,blue
chr16,67939959,67940424,466,green,NA,NA
chr16,68287518,68287955,438,green,NA,NA
chr16,68416268,68416989,722,NA,purple,NA
chr16,69482118,69482598,481,NA,NA,NA
chr16,72875707,72876300,594,NA,purple,NA
chr16,73032452,73033381,930,NA,NA,NA
chr16,73035957,73038039,2083,NA,NA,NA
chr16,73152039,73152945,907,NA,purple,NA
chr16,74729669,74730577,909,NA,NA,NA
chr16,75063094,75063813,720,NA,purple,NA
chr16,75109932,75110362,431,NA,purple,NA
chr16,75110723,75111157,435,NA,NA,blue
chr16,75112414,75113290,877,NA,NA,blue
chr16,79176899,79177561,663,NA,NA,NA
chr16,79542083,79542474,392,NA,NA,NA
chr16,81500913,81501523,611,green,NA,NA
chr16,81526526,81527344,819,NA,purple,NA
chr16,84616638,84617260,623,NA,NA,NA
chr16,85047028,85047632,605,NA,purple,NA
chr16,85082556,85082959,404,NA,NA,NA
chr16,85134778,85135169,392,NA,NA,blue
chr16,85291274,85292029,756,green,NA,NA
chr16,85310729,85311609,881,green,NA,NA
chr16,85329063,85330349,1287,green,NA,NA
chr16,85370669,85371188,520,green,NA,NA
chr16,85377602,85378118,517,green,NA,NA
chr16,85396489,85397017,529,green,NA,NA
chr16,85451504,85451950,447,green,NA,NA
chr16,85452860,85453518,659,green,NA,NA
chr16,85566516,85567522,1007,NA,NA,NA
chr16,85603097,85603744,648,NA,NA,NA
chr16,85614892,85615615,724,NA,purple,NA
chr16,85651009,85651616,608,NA,NA,NA
chr16,85902803,85903890,1088,green,NA,NA
chr16,85983515,85983954,440,NA,NA,NA
chr16,85984912,85985207,296,NA,NA,blue
chr16,87178201,87178619,419,NA,NA,NA
chr16,87435463,87435891,429,NA,NA,NA
chr16,87954521,87954965,445,NA,purple,NA
chr16,87966986,87967367,382,NA,purple,NA
chr16,88069425,88069733,309,NA,NA,NA
chr16,88111079,88111275,197,NA,NA,NA
chr16,88259028,88259685,658,NA,NA,NA
chr16,88470592,88470829,238,NA,NA,NA
chr16,88499009,88500619,1611,NA,NA,NA
chr16,88549854,88550547,694,NA,NA,NA
chr16,88651442,88651913,472,NA,NA,blue
chr16,88688069,88688861,793,NA,NA,blue
chr16,88692868,88693272,405,NA,NA,NA
chr16,88769764,88770058,295,green,NA,NA
chr16,88773025,88774322,1298,green,purple,NA
chr16,88777745,88778442,698,green,purple,NA
chr16,88921739,88922066,328,green,purple,NA
chr16,88922401,88923010,610,green,NA,NA
chr16,88977509,88978397,889,green,NA,blue
chr16,88983401,88984323,923,NA,NA,blue
chr16,89098242,89098892,651,NA,purple,NA
chr16,89317909,89318385,477,green,purple,NA
chr16,89319983,89320774,792,green,NA,blue
chr16,89403120,89403528,409,green,purple,NA
chr16,90106059,90106728,670,NA,NA,blue
chr17,352762,353296,535,NA,NA,blue
chr17,419298,419815,518,green,purple,NA
chr17,1033435,1033848,414,NA,NA,NA
chr17,1039374,1040727,1354,NA,purple,NA
chr17,1043587,1044219,633,NA,NA,NA
chr17,1056068,1056606,539,NA,NA,NA
chr17,1165153,1165553,401,NA,NA,NA
chr17,1178641,1179151,511,NA,NA,NA
chr17,1183343,1183782,440,NA,NA,NA
chr17,1256689,1257237,549,green,NA,NA
chr17,1447146,1447631,486,NA,NA,NA
chr17,1493207,1493882,676,NA,NA,blue
chr17,1604756,1605227,472,NA,NA,blue
chr17,1644252,1645449,1198,NA,NA,NA
chr17,1710586,1711206,621,NA,NA,blue
chr17,1769809,1770027,219,NA,NA,NA
chr17,2022687,2023569,883,NA,NA,blue
chr17,2394053,2394497,445,NA,purple,NA
chr17,2905752,2906668,917,NA,NA,NA
chr17,3002874,3003703,830,NA,purple,NA
chr17,3696682,3697096,415,NA,NA,blue
chr17,3886795,3887309,515,NA,NA,NA
chr17,3976777,3977248,472,NA,NA,blue
chr17,4003807,4004594,788,NA,NA,NA
chr17,4449748,4450056,309,NA,NA,NA
chr17,4510018,4510372,355,NA,NA,NA
chr17,4851247,4851738,492,NA,NA,NA
chr17,4931957,4932512,556,NA,NA,blue
chr17,6574948,6575316,369,NA,NA,NA
chr17,7174127,7174322,196,NA,NA,NA
chr17,7549065,7549615,551,NA,NA,blue
chr17,7560129,7560520,392,NA,NA,blue
chr17,7589170,7589832,663,NA,NA,NA
chr17,7705792,7706175,384,NA,NA,NA
chr17,7841278,7841804,527,NA,NA,NA
chr17,8063199,8064181,983,NA,NA,blue
chr17,8163449,8163849,401,NA,NA,blue
chr17,8900341,8901170,830,NA,purple,NA
chr17,8941189,8941924,736,NA,purple,NA
chr17,8964763,8965478,716,NA,NA,blue
chr17,10128082,10128382,301,NA,purple,NA
chr17,14308791,14310066,1276,green,NA,NA
chr17,15966695,15967188,494,NA,purple,NA
chr17,16407386,16408524,1139,NA,NA,NA
chr17,17511911,17512303,393,NA,NA,NA
chr17,17628536,17628828,293,NA,purple,NA
chr17,17685886,17686343,458,green,NA,NA
chr17,17751415,17751915,501,NA,purple,NA
chr17,17824021,17824440,420,NA,purple,NA
chr17,18966851,18967561,711,NA,purple,NA
chr17,18967839,18968757,919,NA,purple,NA
chr17,18968956,18969741,786,NA,purple,NA
chr17,19724917,19725201,285,NA,NA,NA
chr17,20843450,20843579,130,NA,NA,NA
chr17,21034083,21035072,990,NA,purple,NA
chr17,21283675,21284052,378,green,NA,blue
chr17,21311022,21311439,418,NA,purple,NA
chr17,27367250,27368227,978,green,NA,NA
chr17,27466433,27467074,642,NA,purple,NA
chr17,28380255,28381983,1729,NA,NA,NA
chr17,28547534,28548305,772,NA,purple,NA
chr17,28725460,28725797,338,green,NA,blue
chr17,29179522,29179892,371,NA,NA,NA
chr17,30378129,30378495,367,NA,NA,blue
chr17,30667072,30667638,567,NA,NA,NA
chr17,30668867,30669333,467,NA,purple,NA
chr17,31308002,31308576,575,NA,NA,NA
chr17,31510039,31510978,940,green,purple,NA
chr17,31581147,31581476,330,green,NA,blue
chr17,32083286,32083634,349,NA,purple,blue
chr17,34233967,34234322,356,NA,NA,NA
chr17,34254981,34255590,610,NA,NA,blue
chr17,35460133,35461007,875,NA,NA,blue
chr17,35752486,35753221,736,NA,NA,blue
chr17,38443756,38444379,624,NA,NA,NA
chr17,38451683,38452141,459,NA,NA,NA
chr17,38453181,38453669,489,NA,NA,blue
chr17,38730633,38730958,326,NA,NA,NA
chr17,38967147,38967734,588,green,NA,blue
chr17,39573810,39574375,566,NA,NA,NA
chr17,39659216,39660260,1045,NA,purple,NA
chr17,40069530,40071764,2235,NA,purple,NA
chr17,40308795,40309583,789,green,NA,blue
chr17,40332196,40332573,378,NA,purple,NA
chr17,40347835,40349032,1198,NA,NA,NA
chr17,40499106,40499594,489,NA,NA,NA
chr17,40553870,40554403,534,NA,purple,NA
chr17,41812856,41813244,389,NA,NA,blue
chr17,42178801,42179245,445,NA,NA,NA
chr17,42180074,42180642,569,NA,NA,NA
chr17,42289207,42290189,983,green,NA,NA
chr17,42414879,42415659,781,green,NA,NA
chr17,42519004,42520582,1579,NA,purple,NA
chr17,43025428,43025699,272,NA,NA,blue
chr17,43578764,43579199,436,green,NA,NA
chr17,44246276,44246918,643,green,NA,NA
chr17,44259149,44259525,377,green,NA,NA
chr17,44353376,44354913,1538,NA,NA,NA
chr17,44628487,44628821,335,NA,purple,NA
chr17,45143526,45145020,1495,green,purple,NA
chr17,45223197,45225124,1928,NA,NA,blue
chr17,45395069,45395403,335,NA,NA,blue
chr17,45430884,45431238,355,NA,purple,NA
chr17,46821211,46822102,892,NA,NA,NA
chr17,46905702,46906300,599,NA,NA,NA
chr17,46943740,46944561,822,NA,NA,NA
chr17,47872141,47872764,624,NA,NA,NA
chr17,48564095,48564894,800,NA,purple,NA
chr17,49362747,49363188,442,NA,NA,blue
chr17,50130653,50130910,258,green,NA,blue
chr17,50141619,50142477,859,NA,NA,NA
chr17,50177972,50178693,722,green,NA,NA
chr17,50829014,50829737,724,green,NA,NA
chr17,50935137,50935547,411,NA,NA,NA
chr17,55845125,55845777,653,green,NA,NA
chr17,56751249,56752270,1022,NA,NA,NA
chr17,57406839,57407482,644,NA,purple,NA
chr17,57432562,57433187,626,NA,purple,NA
chr17,57440184,57441708,1525,NA,NA,NA
chr17,57447720,57448525,806,NA,NA,blue
chr17,61144860,61145806,947,NA,purple,NA
chr17,62724563,62725311,749,green,purple,NA
chr17,63438208,63438907,700,green,purple,NA
chr17,63450371,63450839,469,NA,NA,NA
chr17,63700631,63701752,1122,green,NA,blue
chr17,63931685,63932748,1064,NA,NA,blue
chr17,63997429,63998049,621,NA,NA,blue
chr17,64006483,64006999,517,NA,purple,NA
chr17,64147104,64147646,543,green,NA,NA
chr17,64387316,64388482,1167,NA,NA,NA
chr17,64398056,64399150,1095,NA,purple,NA
chr17,64412405,64412912,508,green,NA,NA
chr17,65173367,65173995,629,NA,purple,NA
chr17,67246507,67246919,413,NA,NA,blue
chr17,67549801,67550137,337,NA,NA,NA
chr17,68378197,68378643,447,NA,NA,NA
chr17,73099264,73099853,590,NA,purple,NA
chr17,73401988,73402365,378,NA,NA,NA
chr17,73481729,73482815,1087,NA,NA,NA
chr17,74443278,74443644,367,NA,NA,NA
chr17,74757588,74758814,1227,NA,purple,NA
chr17,74842463,74843082,620,NA,NA,NA
chr17,75352042,75352735,694,NA,purple,NA
chr17,75534936,75535484,549,NA,NA,NA
chr17,75832934,75833724,791,NA,purple,NA
chr17,75875666,75877707,2042,NA,NA,blue
chr17,75895617,75895952,336,NA,NA,blue
chr17,76145268,76146072,805,green,purple,NA
chr17,76271657,76272858,1202,NA,NA,NA
chr17,76527367,76528303,937,green,purple,blue
chr17,76546564,76547042,479,NA,NA,NA
chr17,76568587,76569140,554,NA,NA,blue
chr17,76947792,76948169,378,NA,NA,NA
chr17,77127739,77128497,759,NA,purple,NA
chr17,77164482,77165429,948,NA,purple,NA
chr17,77245113,77245682,570,NA,NA,NA
chr17,77280439,77280725,287,NA,NA,blue
chr17,77305099,77305562,464,NA,NA,NA
chr17,77315537,77315978,442,green,NA,NA
chr17,77362837,77363307,471,NA,NA,NA
chr17,77405256,77405521,266,green,purple,NA
chr17,77453651,77454134,484,NA,NA,NA
chr17,77546934,77547207,274,green,NA,blue
chr17,77697562,77698013,452,NA,NA,NA
chr17,77845448,77845851,404,NA,NA,NA
chr17,77847031,77847541,511,NA,NA,NA
chr17,78117658,78118257,600,green,NA,NA
chr17,78121239,78122181,943,NA,NA,NA
chr17,78132584,78133018,435,NA,NA,blue
chr17,78134218,78134721,504,NA,NA,blue
chr17,78251518,78251942,425,NA,NA,blue
chr17,78272006,78273116,1111,green,NA,NA
chr17,78341426,78342021,596,NA,purple,NA
chr17,78342073,78342735,663,NA,purple,NA
chr17,78343341,78344224,884,NA,purple,NA
chr17,78827122,78827620,499,NA,purple,NA
chr17,78883143,78884413,1271,green,purple,NA
chr17,78917985,78918548,564,NA,purple,NA
chr17,78933844,78934362,519,NA,NA,NA
chr17,79779259,79779678,420,green,NA,NA
chr17,79831625,79832958,1334,green,NA,NA
chr17,79942650,79943361,712,NA,NA,NA
chr17,79992073,79992598,526,NA,NA,NA
chr17,80487011,80487311,301,NA,NA,NA
chr17,80679102,80679513,412,NA,NA,NA
chr17,80707975,80708357,383,NA,NA,NA
chr17,80750263,80750858,596,NA,purple,NA
chr17,80761194,80761979,786,NA,purple,NA
chr17,80762859,80763491,633,NA,purple,NA
chr17,80774481,80775017,537,NA,purple,NA
chr17,80826780,80827543,764,NA,purple,NA
chr17,81210636,81211182,547,NA,NA,NA
chr17,81284943,81285313,371,NA,purple,NA
chr17,81412518,81413230,713,NA,NA,NA
chr17,81454385,81455046,662,NA,NA,NA
chr17,81455360,81457101,1742,NA,NA,NA
chr17,81966454,81966896,443,NA,NA,blue
chr17,81967358,81967784,427,NA,NA,blue
chr17,82229418,82229550,133,NA,NA,NA
chr17,82301859,82302549,691,NA,purple,NA
chr17,82315297,82315854,558,NA,NA,NA
chr17,82334151,82334626,476,NA,NA,blue
chr17,82782632,82783186,555,green,NA,NA
chr17,82860006,82860448,443,green,purple,NA
chr17,82962885,82963622,738,NA,NA,NA
chr17,83024266,83024451,186,NA,NA,NA
chr17,83062121,83062562,442,NA,NA,NA
chr18,3659806,3660581,776,NA,purple,NA
chr18,5059318,5059801,484,NA,NA,NA
chr18,8730341,8730874,534,NA,NA,NA
chr18,9433607,9434804,1198,NA,purple,NA
chr18,13456121,13456444,324,NA,NA,NA
chr18,13505912,13506496,585,NA,NA,NA
chr18,13549377,13550060,684,NA,purple,NA
chr18,13564509,13565017,509,green,NA,blue
chr18,13566971,13567694,724,green,NA,blue
chr18,13610942,13611577,636,NA,NA,blue
chr18,23203483,23203960,478,NA,NA,NA
chr18,23231627,23232076,450,NA,purple,NA
chr18,23237626,23238594,969,NA,purple,NA
chr18,23257932,23258466,535,NA,NA,NA
chr18,23358008,23358471,464,NA,NA,NA
chr18,23871016,23871710,695,NA,NA,NA
chr18,24015766,24016951,1186,NA,NA,blue
chr18,45248288,45249372,1085,NA,NA,NA
chr18,45825528,45826139,612,NA,NA,blue
chr18,45836364,45837004,641,NA,NA,NA
chr18,45837359,45838250,892,NA,NA,NA
chr18,46027638,46028773,1136,NA,NA,blue
chr18,46918163,46918517,355,NA,NA,NA
chr18,48833927,48834479,553,NA,NA,NA
chr18,48934959,48935597,639,NA,purple,NA
chr18,48939353,48939701,349,NA,NA,NA
chr18,51152216,51152573,358,NA,NA,NA
chr18,57016011,57016381,371,NA,NA,NA
chr18,62329474,62330251,778,NA,NA,blue
chr18,62586130,62586554,425,NA,NA,NA
chr18,63074826,63075403,578,green,purple,NA
chr18,63155374,63155922,549,green,purple,NA
chr18,63321034,63321441,408,NA,NA,blue
chr18,76386564,76387256,693,green,NA,NA
chr18,76451426,76452450,1025,NA,purple,NA
chr18,76518285,76519505,1221,green,NA,NA
chr18,76528503,76528985,483,NA,NA,blue
chr18,76619962,76620348,387,NA,purple,NA
chr18,77032292,77032711,420,NA,NA,NA
chr18,77055955,77056682,728,green,purple,NA
chr18,77107974,77108690,717,NA,NA,NA
chr18,77111461,77111986,526,NA,NA,blue
chr18,77112490,77112994,505,NA,NA,blue
chr18,79508235,79508561,327,NA,NA,NA
chr18,79509254,79509489,236,NA,NA,NA
chr19,511033,511861,829,NA,NA,NA
chr19,722448,723076,629,NA,NA,NA
chr19,727918,728481,564,NA,NA,NA
chr19,788905,789537,633,NA,NA,NA
chr19,801069,801719,651,NA,NA,NA
chr19,908695,909101,407,green,NA,NA
chr19,909376,909752,377,green,NA,NA
chr19,912132,912315,184,green,NA,NA
chr19,924635,924911,277,green,NA,blue
chr19,1192343,1192872,530,NA,purple,NA
chr19,1258837,1259256,420,NA,NA,blue
chr19,1259739,1260515,777,NA,NA,NA
chr19,1265671,1266337,667,NA,NA,NA
chr19,1267563,1268103,541,NA,NA,NA
chr19,1362905,1363815,911,NA,purple,NA
chr19,1367066,1367987,922,NA,purple,NA
chr19,1396095,1396740,646,NA,NA,blue
chr19,1402663,1403531,869,NA,NA,blue
chr19,1444823,1444983,161,NA,NA,blue
chr19,1560426,1561061,636,NA,NA,NA
chr19,1609129,1609719,591,green,purple,NA
chr19,1854858,1855094,237,NA,NA,NA
chr19,1859988,1860434,447,green,NA,blue
chr19,1861552,1862024,473,green,NA,NA
chr19,1948603,1949138,536,NA,NA,NA
chr19,2041585,2043073,1489,NA,purple,NA
chr19,2056117,2056599,483,green,purple,NA
chr19,2062307,2062745,439,NA,purple,NA
chr19,2167486,2167821,336,NA,purple,NA
chr19,2294101,2295083,983,NA,NA,NA
chr19,2361333,2361920,588,NA,NA,NA
chr19,2491355,2491827,473,green,NA,NA
chr19,2495643,2495953,311,green,NA,NA
chr19,2637396,2637589,194,NA,NA,NA
chr19,2663881,2664390,510,green,NA,NA
chr19,2694971,2695407,437,NA,purple,NA
chr19,2719844,2720588,745,NA,NA,NA
chr19,2982708,2983886,1179,NA,NA,NA
chr19,3060418,3061132,715,NA,NA,NA
chr19,3403547,3404158,612,NA,NA,NA
chr19,3428166,3428522,357,NA,purple,NA
chr19,3607031,3608038,1008,NA,NA,blue
chr19,3671473,3671737,265,NA,NA,blue
chr19,3687574,3688819,1246,NA,NA,NA
chr19,4052454,4053257,804,NA,purple,NA
chr19,4063913,4064932,1020,NA,NA,blue
chr19,4078420,4078663,244,NA,purple,NA
chr19,4369050,4369820,771,NA,purple,NA
chr19,4375541,4376150,610,NA,purple,NA
chr19,4380029,4380859,831,NA,purple,NA
chr19,4638344,4638635,292,NA,NA,blue
chr19,4648083,4648893,811,NA,NA,NA
chr19,4911860,4912424,565,NA,purple,NA
chr19,5130294,5131436,1143,NA,NA,NA
chr19,5585244,5585891,648,NA,NA,NA
chr19,5586250,5586950,701,NA,NA,NA
chr19,5686233,5686513,281,NA,purple,NA
chr19,5801842,5802739,898,green,NA,NA
chr19,5838345,5838911,567,NA,NA,NA
chr19,5951124,5952093,970,NA,purple,NA
chr19,6060822,6061205,384,green,purple,NA
chr19,6501293,6501767,475,green,NA,NA
chr19,7183021,7183616,596,NA,purple,NA
chr19,7706969,7707757,789,NA,purple,NA
chr19,8307767,8308878,1112,NA,NA,blue
chr19,10236149,10236763,615,NA,purple,NA
chr19,10271464,10271860,397,green,NA,NA
chr19,10544946,10545226,281,green,NA,NA
chr19,11137581,11138323,743,NA,NA,NA
chr19,11142566,11143133,568,NA,NA,NA
chr19,11578781,11579241,461,NA,NA,blue
chr19,13060824,13061115,292,NA,NA,NA
chr19,13076973,13077581,609,NA,NA,NA
chr19,13078983,13080322,1340,NA,NA,blue
chr19,13105034,13105788,755,NA,NA,blue
chr19,13172378,13173074,697,NA,purple,NA
chr19,13885963,13886457,495,green,NA,NA
chr19,14165908,14167431,1524,NA,purple,NA
chr19,14293592,14294054,463,NA,NA,blue
chr19,14369486,14370063,578,green,NA,blue
chr19,14550289,14550662,374,NA,purple,NA
chr19,14786185,14786823,639,NA,purple,NA
chr19,15231986,15233716,1731,NA,NA,blue
chr19,15871469,15871879,411,NA,NA,blue
chr19,16338474,16338765,292,green,purple,NA
chr19,16358983,16359582,600,NA,NA,blue
chr19,16442591,16442900,310,NA,NA,NA
chr19,16893529,16894218,690,NA,NA,NA
chr19,17135121,17135974,854,NA,purple,NA
chr19,17234692,17235436,745,NA,NA,NA
chr19,17289391,17289796,406,NA,NA,NA
chr19,17455462,17456132,671,NA,NA,NA
chr19,17488499,17489374,876,NA,NA,NA
chr19,17778190,17779857,1668,NA,NA,NA
chr19,17848562,17849219,658,NA,NA,blue
chr19,18020310,18020663,354,green,NA,blue
chr19,18021068,18021525,458,green,NA,blue
chr19,18086530,18087043,514,NA,purple,NA
chr19,18109542,18109793,252,NA,purple,NA
chr19,18169556,18169998,443,NA,NA,NA
chr19,18194430,18195228,799,NA,NA,NA
chr19,18294457,18294996,540,green,purple,NA
chr19,18364528,18365063,536,green,purple,NA
chr19,18416374,18416689,316,NA,NA,NA
chr19,18418505,18419136,632,NA,NA,blue
chr19,18438464,18438793,330,NA,NA,blue
chr19,18593824,18594087,264,green,NA,NA
chr19,19134663,19135111,449,NA,NA,NA
chr19,19262500,19262934,435,NA,NA,blue
chr19,19361220,19361633,414,green,NA,NA
chr19,19406886,19407769,884,green,purple,NA
chr19,19460400,19461199,800,NA,purple,NA
chr19,19461915,19462841,927,NA,purple,NA
chr19,29622127,29622501,375,NA,NA,NA
chr19,29775071,29775798,728,green,NA,NA
chr19,29796083,29796406,324,NA,NA,NA
chr19,32676467,32677737,1271,NA,NA,blue
chr19,33441239,33441932,694,green,NA,NA
chr19,34999155,34999899,745,NA,NA,NA
chr19,35118350,35119583,1234,NA,NA,NA
chr19,35144580,35145188,609,green,NA,NA
chr19,35295133,35296451,1319,NA,NA,NA
chr19,35320410,35320981,572,green,NA,NA
chr19,35332718,35333313,596,green,NA,NA
chr19,37931877,37933397,1521,NA,purple,NA
chr19,38020719,38021365,647,NA,purple,NA
chr19,38022972,38023357,386,NA,purple,NA
chr19,38303810,38304323,514,NA,NA,blue
chr19,38394306,38395006,701,NA,NA,NA
chr19,38395560,38396245,686,NA,NA,NA
chr19,38664192,38664662,471,NA,purple,NA
chr19,38667140,38668136,997,NA,purple,NA
chr19,38734622,38735782,1161,NA,purple,NA
chr19,38869086,38870476,1391,NA,NA,blue
chr19,39133298,39134172,875,NA,NA,NA
chr19,39145295,39146042,748,green,NA,NA
chr19,39310537,39311225,689,NA,NA,NA
chr19,39401295,39401970,676,NA,NA,NA
chr19,39407781,39408301,521,NA,NA,NA
chr19,39479687,39480181,495,NA,NA,blue
chr19,40408073,40408700,628,NA,NA,NA
chr19,40411228,40411693,466,NA,NA,NA
chr19,40413338,40413887,550,NA,NA,blue
chr19,41225689,41225959,271,NA,NA,NA
chr19,41306495,41306653,159,NA,NA,NA
chr19,41324884,41326551,1668,NA,purple,NA
chr19,41328160,41328692,533,NA,purple,NA
chr19,41545706,41546469,764,NA,NA,NA
chr19,41785945,41786181,237,NA,NA,NA
chr19,41875405,41875912,508,green,NA,blue
chr19,41920826,41923255,2430,NA,NA,NA
chr19,41926567,41926877,311,NA,NA,NA
chr19,41929382,41931750,2369,NA,NA,blue
chr19,42129406,42129925,520,green,NA,NA
chr19,42285008,42286871,1864,NA,purple,NA
chr19,43474808,43475517,710,NA,purple,NA
chr19,43607406,43608102,697,NA,purple,NA
chr19,44697134,44697779,646,green,NA,blue
chr19,44710510,44711022,513,green,NA,NA
chr19,44725050,44725591,542,green,NA,NA
chr19,44849123,44849877,755,NA,NA,NA
chr19,45211974,45212496,523,NA,NA,NA
chr19,46404583,46405323,741,green,NA,NA
chr19,46408246,46408724,479,green,NA,NA
chr19,46495415,46496187,773,NA,NA,NA
chr19,46626380,46626807,428,NA,NA,blue
chr19,46722650,46723634,985,NA,NA,NA
chr19,46731480,46731945,466,NA,NA,NA
chr19,47272755,47272986,232,NA,NA,blue
chr19,48442620,48443124,505,NA,NA,NA
chr19,48630428,48631290,863,NA,NA,NA
chr19,48812239,48812812,574,NA,NA,blue
chr19,49554822,49555242,421,NA,purple,NA
chr19,49761886,49762179,294,NA,purple,NA
chr19,50414670,50415778,1109,NA,NA,blue
chr19,50418661,50419549,889,NA,NA,blue
chr19,50673282,50673668,387,NA,NA,NA
chr19,50704134,50704518,385,green,NA,NA
chr19,51340584,51340803,220,NA,NA,blue
chr19,51390395,51391307,913,NA,NA,blue
chr19,51687708,51688663,956,NA,NA,blue
chr19,51702460,51703671,1212,NA,NA,NA
chr19,52638687,52639077,391,NA,purple,NA
chr19,53832703,53833298,596,NA,NA,NA
chr19,54282744,54283776,1033,NA,NA,blue
chr19,54374133,54374613,481,NA,NA,NA
chr19,54375381,54375873,493,NA,NA,NA
chr19,54434869,54435290,422,NA,NA,blue
chr19,54462670,54462914,245,NA,NA,NA
chr19,55247629,55248122,494,NA,NA,NA
chr19,55251171,55252122,952,NA,NA,NA
chr19,55256723,55257422,700,NA,NA,NA
chr19,55322006,55322953,948,NA,NA,NA
chr19,56110726,56112596,1871,NA,purple,NA
chr19,56115084,56115427,344,NA,purple,NA
chr19,58395711,58397247,1537,NA,NA,blue
chr19,58537899,58538326,428,NA,NA,NA
chr20,309766,310309,544,NA,purple,NA
chr20,568162,568640,479,green,NA,NA
chr20,574460,574915,456,green,NA,NA
chr20,642717,643029,313,green,NA,NA
chr20,661852,662697,846,NA,NA,NA
chr20,840906,842726,1821,NA,NA,blue
chr20,856057,856925,869,green,NA,NA
chr20,3076871,3077724,854,NA,NA,NA
chr20,3083369,3085092,1724,NA,NA,blue
chr20,3749735,3750152,418,NA,NA,NA
chr20,4161535,4162270,736,NA,NA,NA
chr20,4661186,4661454,269,NA,NA,NA
chr20,4812204,4813782,1579,green,purple,NA
chr20,4880326,4881669,1344,NA,NA,NA
chr20,7936503,7936776,274,green,NA,NA
chr20,17859373,17860018,646,NA,NA,NA
chr20,19931921,19932685,765,NA,NA,NA
chr20,23087060,23087172,113,NA,NA,blue
chr20,23230924,23231357,434,NA,NA,NA
chr20,24763657,24763995,339,NA,NA,NA
chr20,25227063,25227493,431,NA,NA,blue
chr20,31588054,31588532,479,NA,NA,NA
chr20,32051659,32052130,472,NA,NA,blue
chr20,32359502,32359934,433,NA,NA,NA
chr20,32456839,32458195,1357,NA,NA,NA
chr20,32469878,32470771,894,NA,purple,NA
chr20,32497463,32498127,665,green,NA,NA
chr20,32535239,32535943,705,green,purple,NA
chr20,32538201,32539659,1459,green,purple,NA
chr20,32650179,32650934,756,NA,NA,NA
chr20,33674800,33675109,310,NA,NA,blue
chr20,33743745,33744197,453,NA,NA,NA
chr20,36540958,36541903,946,NA,NA,blue
chr20,36571531,36573077,1547,green,NA,blue
chr20,36604822,36605125,304,green,NA,blue
chr20,37383982,37384543,562,green,NA,NA
chr20,37914936,37916264,1329,NA,NA,NA
chr20,45889909,45890549,641,NA,NA,blue
chr20,47258826,47259279,454,green,purple,NA
chr20,47318147,47320230,2084,NA,NA,blue
chr20,47353763,47357212,3450,NA,NA,blue
chr20,47357814,47359464,1651,NA,NA,blue
chr20,47360939,47361905,967,NA,NA,NA
chr20,47468297,47468672,376,NA,NA,NA
chr20,48818287,48819065,779,NA,NA,NA
chr20,49982144,49982379,236,green,NA,blue
chr20,50347850,50348532,683,green,purple,NA
chr20,50818197,50818891,695,NA,NA,NA
chr20,50850945,50851528,584,NA,NA,NA
chr20,50872431,50873037,607,NA,NA,NA
chr20,51492008,51492505,498,NA,NA,NA
chr20,51532378,51533361,984,NA,NA,NA
chr20,51696093,51697154,1062,NA,purple,NA
chr20,53582044,53582233,190,green,purple,NA
chr20,53654909,53655619,711,green,purple,NA
chr20,53828538,53829885,1348,NA,purple,NA
chr20,53914317,53915216,900,NA,purple,NA
chr20,57449589,57450145,557,NA,NA,NA
chr20,57476442,57476897,456,green,NA,NA
chr20,57481381,57482694,1314,NA,NA,NA
chr20,59004425,59005478,1054,NA,NA,NA
chr20,62025393,62025885,493,green,NA,NA
chr20,62244429,62244955,527,NA,NA,NA
chr20,62511986,62512700,715,NA,NA,NA
chr20,62623395,62623761,367,NA,purple,NA
chr20,62626116,62626662,547,NA,NA,NA
chr20,62636289,62636791,503,NA,NA,blue
chr20,62641005,62641810,806,NA,NA,blue
chr20,62651139,62652675,1537,green,NA,blue
chr20,62734772,62735632,861,NA,NA,blue
chr20,62752000,62752640,641,NA,NA,NA
chr20,62803979,62804335,357,NA,NA,blue
chr20,62818460,62818963,504,NA,NA,NA
chr20,62875481,62875936,456,NA,NA,NA
chr20,62959041,62959943,903,NA,NA,NA
chr20,63445151,63446648,1498,NA,NA,blue
chr20,63641093,63642765,1673,NA,purple,NA
chr20,63735991,63736703,713,NA,NA,blue
chr20,63803654,63804243,590,NA,purple,NA
chr20,63843688,63844459,772,NA,NA,blue
chr20,63844638,63845270,633,NA,NA,blue
chr20,63854312,63855634,1323,NA,NA,NA
chr20,63941412,63942670,1259,NA,NA,blue
chr20,64048255,64048977,723,NA,NA,blue
chr20,64102898,64103192,295,NA,NA,NA
chr20,64111943,64112423,481,NA,NA,NA
chr21,8213154,8213679,526,NA,NA,blue
chr21,8214495,8214928,434,NA,NA,NA
chr21,8400160,8400595,436,NA,NA,NA
chr21,8401513,8402001,489,NA,NA,NA
chr21,8402340,8402549,210,NA,NA,NA
chr21,14273648,14274314,667,green,NA,NA
chr21,17688924,17689931,1008,NA,NA,NA
chr21,28633687,28634448,762,NA,NA,NA
chr21,32437594,32438002,409,green,NA,NA
chr21,33064435,33065070,636,NA,NA,NA
chr21,33101188,33101688,501,NA,NA,NA
chr21,33976124,33977103,980,green,purple,NA
chr21,35014276,35014869,594,NA,purple,NA
chr21,35037971,35038446,476,NA,purple,NA
chr21,37530762,37532147,1386,NA,NA,NA
chr21,38376291,38376584,294,NA,purple,NA
chr21,38470931,38473544,2614,green,purple,NA
chr21,38486440,38489109,2670,green,NA,NA
chr21,38490398,38492726,2329,green,NA,NA
chr21,38804406,38804977,572,green,NA,blue
chr21,39003822,39004549,728,NA,NA,NA
chr21,41816696,41817445,750,NA,NA,NA
chr21,41865297,41865584,288,green,NA,NA
chr21,41885304,41886103,800,NA,NA,NA
chr21,41895204,41896659,1456,green,NA,NA
chr21,41932107,41932909,803,green,purple,NA
chr21,42062041,42062547,507,NA,NA,blue
chr21,42064089,42064586,498,NA,NA,NA
chr21,42073181,42073622,442,NA,NA,NA
chr21,42159905,42160781,877,green,NA,NA
chr21,42191715,42192325,611,green,NA,NA
chr21,42247720,42248203,484,NA,NA,NA
chr21,42262645,42263312,668,green,NA,NA
chr21,42460222,42461195,974,NA,NA,NA
chr21,42464018,42464431,414,NA,NA,NA
chr21,42527585,42528133,549,NA,purple,NA
chr21,42532807,42533231,425,NA,NA,NA
chr21,42590714,42591442,729,green,NA,NA
chr21,42659765,42660063,299,green,NA,NA
chr21,42745890,42747173,1284,green,purple,NA
chr21,43045192,43046069,878,NA,NA,NA
chr21,43361897,43362174,278,NA,NA,blue
chr21,43726805,43727362,558,NA,purple,NA
chr21,43873136,43873534,399,NA,NA,NA
chr21,43917177,43917900,724,NA,purple,NA
chr21,43985999,43986466,468,NA,NA,NA
chr21,44295564,44296036,473,NA,NA,NA
chr21,44347971,44348345,375,green,NA,blue
chr21,44882039,44882805,767,green,NA,NA
chr21,44911101,44912532,1432,NA,NA,NA
chr21,44914851,44915313,463,NA,NA,NA
chr21,44926191,44926873,683,NA,NA,NA
chr21,45302204,45302585,382,NA,NA,NA
chr21,45482590,45483581,992,NA,purple,NA
chr21,45891943,45892374,432,NA,NA,NA
chr21,46368589,46369293,705,NA,purple,NA
chr21,46432136,46432421,286,NA,NA,NA
chr21,46442893,46443373,481,NA,NA,NA
chr21,46551407,46552108,702,green,purple,NA
chr22,17920229,17920737,509,NA,NA,NA
chr22,18529875,18530441,567,NA,NA,NA
chr22,19579900,19580209,310,NA,NA,NA
chr22,19690205,19690617,413,NA,NA,NA
chr22,19722155,19722303,149,green,NA,blue
chr22,19722863,19723648,786,green,NA,blue
chr22,19772595,19772924,330,green,NA,NA
chr22,20137762,20138307,546,NA,NA,NA
chr22,20551269,20551734,466,NA,purple,NA
chr22,20611464,20612043,580,NA,NA,NA
chr22,21032105,21032826,722,NA,NA,blue
chr22,21938488,21938794,307,NA,NA,blue
chr22,21942917,21943350,434,NA,NA,NA
chr22,23185751,23186236,486,green,NA,NA
chr22,23456976,23457614,639,NA,NA,NA
chr22,23537988,23538339,352,NA,NA,NA
chr22,23581068,23581692,625,NA,NA,blue
chr22,23762954,23764136,1183,NA,NA,blue
chr22,23895210,23895589,380,NA,NA,NA
chr22,24406738,24407804,1067,green,NA,NA
chr22,27154740,27154995,256,NA,NA,NA
chr22,27613589,27614825,1237,NA,NA,NA
chr22,27673876,27674723,848,NA,NA,NA
chr22,27726915,27727323,409,NA,NA,NA
chr22,27748952,27749463,512,NA,NA,NA
chr22,27784987,27786409,1423,NA,NA,NA
chr22,29030810,29032094,1285,NA,NA,blue
chr22,29074064,29074440,377,NA,NA,NA
chr22,29152279,29153200,922,NA,NA,NA
chr22,29195554,29196341,788,NA,NA,NA
chr22,30208608,30209062,455,NA,NA,blue
chr22,30574132,30575046,915,NA,NA,blue
chr22,31217139,31218105,967,NA,purple,NA
chr22,31289909,31290217,309,NA,NA,NA
chr22,31342593,31343380,788,NA,NA,NA
chr22,31630930,31631259,330,NA,purple,NA
chr22,31752796,31753310,515,NA,NA,blue
chr22,31948022,31948454,433,NA,NA,NA
chr22,32765309,32765677,369,NA,NA,NA
chr22,32881567,32883493,1927,NA,NA,NA
chr22,35352376,35352902,527,green,purple,NA
chr22,36334291,36334763,473,green,purple,NA
chr22,36370274,36371596,1323,green,NA,NA
chr22,36455512,36455877,366,NA,NA,blue
chr22,36463663,36464276,614,NA,NA,NA
chr22,36466443,36467772,1330,NA,purple,NA
chr22,37559906,37560130,225,green,NA,blue
chr22,37638532,37639140,609,green,NA,blue
chr22,37708482,37708959,478,NA,NA,NA
chr22,37824988,37825611,624,NA,NA,NA
chr22,37999755,38000264,510,green,NA,NA
chr22,38230121,38230606,486,NA,NA,blue
chr22,38305724,38305955,232,NA,purple,NA
chr22,38317763,38318623,861,NA,NA,blue
chr22,38751127,38751719,593,NA,purple,NA
chr22,38981212,38982104,893,NA,NA,blue
chr22,39144022,39144403,382,NA,NA,NA
chr22,39350996,39352274,1279,NA,NA,NA
chr22,39468674,39469327,654,NA,NA,NA
chr22,40714588,40715019,432,NA,NA,NA
chr22,42296569,42296961,393,NA,NA,NA
chr22,42646625,42647264,640,NA,purple,NA
chr22,42892100,42893187,1088,NA,purple,NA
chr22,43164643,43165188,546,NA,NA,NA
chr22,43206396,43207004,609,NA,NA,NA
chr22,43257093,43257970,878,green,NA,NA
chr22,43341910,43342433,524,NA,NA,NA
chr22,43377631,43378332,702,NA,NA,NA
chr22,43482140,43482403,264,NA,purple,NA
chr22,43995916,43996430,515,green,purple,NA
chr22,44030795,44031483,689,NA,purple,NA
chr22,44291932,44292354,423,NA,NA,NA
chr22,44667823,44668331,509,NA,NA,blue
chr22,45234217,45235115,899,NA,NA,NA
chr22,45241085,45241647,563,NA,NA,blue
chr22,45437357,45437683,327,NA,NA,NA
chr22,45864504,45865013,510,NA,NA,NA
chr22,46250807,46251338,532,NA,NA,blue
chr22,46649311,46649937,627,NA,NA,NA
chr22,46650057,46650388,332,NA,NA,NA
chr22,46686785,46687155,371,NA,NA,NA
chr22,46734974,46735543,570,NA,NA,NA
chr22,46774448,46774917,470,NA,purple,NA
chr22,46895830,46896170,341,NA,NA,NA
chr22,49807832,49808695,864,NA,purple,NA
chr22,49811455,49811839,385,NA,purple,NA
chr22,49838559,49839057,499,NA,NA,blue
chr22,49925363,49925786,424,green,purple,NA
chr22,49936889,49937674,786,green,NA,NA
chr22,49966793,49967860,1068,NA,purple,NA
chr22,50112665,50113038,374,NA,purple,NA
chr22,50399757,50400760,1004,NA,purple,NA
chr22,50529588,50530059,472,green,NA,blue
chr22,50670694,50672419,1726,NA,NA,blue
chrX,285770,286113,344,NA,NA,NA
chrX,1248385,1249223,839,NA,purple,NA
chrX,1462676,1463218,543,NA,purple,NA
chrX,1546712,1547307,596,NA,purple,NA
chrX,2498721,2499218,498,NA,NA,NA
chrX,2927941,2928764,824,NA,NA,NA
chrX,3711464,3712578,1115,NA,NA,NA
chrX,4754274,4755847,1574,NA,NA,NA
chrX,40083867,40084461,595,NA,NA,NA
chrX,40169998,40170336,339,NA,purple,NA
chrX,119619390,119620020,631,NA,purple,NA
